-- phpMyAdmin SQL Dump
-- version 4.7.0
-- https://www.phpmyadmin.net/
--
-- Host: 127.0.0.1
-- Generation Time: Sep 27, 2017 at 06:27 PM
-- Server version: 10.1.22-MariaDB
-- PHP Version: 7.1.4

SET SQL_MODE = "NO_AUTO_VALUE_ON_ZERO";
SET AUTOCOMMIT = 0;
START TRANSACTION;
SET time_zone = "+00:00";


/*!40101 SET @OLD_CHARACTER_SET_CLIENT=@@CHARACTER_SET_CLIENT */;
/*!40101 SET @OLD_CHARACTER_SET_RESULTS=@@CHARACTER_SET_RESULTS */;
/*!40101 SET @OLD_COLLATION_CONNECTION=@@COLLATION_CONNECTION */;
/*!40101 SET NAMES utf8mb4 */;

--
-- Database: `love_pet`
--

-- --------------------------------------------------------

--
-- Table structure for table `animal`
--

CREATE TABLE `animal` (
  `id` int(11) NOT NULL,
  `name` varchar(500) COLLATE utf8_bin NOT NULL,
  `inputDate` datetime DEFAULT NULL,
  `age` tinyint(11) DEFAULT NULL,
  `description` varchar(5000) COLLATE utf8_bin DEFAULT NULL,
  `address` varchar(2000) COLLATE utf8_bin DEFAULT NULL,
  `status` int(11) NOT NULL,
  `note` text COLLATE utf8_bin,
  `change_status_date` datetime NOT NULL,
  `created_by` int(11) NOT NULL,
  `type` varchar(45) COLLATE utf8_bin DEFAULT NULL
) ENGINE=InnoDB DEFAULT CHARSET=utf8 COLLATE=utf8_bin;

--
-- Dumping data for table `animal`
--

INSERT INTO `animal` (`id`, `name`, `inputDate`, `age`, `description`, `address`, `status`, `note`, `change_status_date`, `created_by`, `type`) VALUES
(1, 'Mèo lạc Tây báo tin', '2016-12-31 00:00:00', 6, 'Người nước ngoài timf thấy một mèo lạc, báo chuyển Trạm.', '', 2, 'Ngày 31/12: lkhỏe mạnh, thân người, răng hơi đau\r\n\r\nMèo tam thể không có biểu hiện bệnh. Cần theo dõi thêm\r\n\r\n\r\n', '2016-12-22 00:00:00', 4, NULL),
(2, 'Đàn mèo con herpes Hà Đông lên Hanvet -2126', '2017-01-01 00:00:00', 2, 'Người dân nhặt được mèo lạc, báo chuyển Trạm.', 'Hà Đông', 1, 'Mèo bị herpes', '2017-01-01 00:00:00', 4, 'Mèo'),
(2127, 'Mèo Láng Hạ lên Văn Cao', '2017-01-01 00:00:00', 4, NULL, 'Láng Hạ', 4, '', '2017-03-13 00:00:00', 6, 'Mèo'),
(2128, 'Mèo suy kiệt đau chân lên Hanvet', '2017-01-01 00:00:00', 0, '', 'không rõ', 4, 'đã mất', '2017-01-01 00:00:00', 6, 'Mèo'),
(2129, 'mèo Long Biên lên Gaia', '2017-01-02 00:00:00', 5, '', 'Long Biên', 4, '', '2017-01-13 00:00:00', 6, 'Mèo'),
(2130, 'Mèo bị vứt sọt rác Mỹ Đình lên Văn Cao', '2017-02-28 00:00:00', 4, '', 'Mỹ Đình', 1, '', '2017-02-07 00:00:00', 6, 'Mèo'),
(2131, 'Mèo yếu Hồ Đắc Di lên 335 Kim Ngưu', '2017-01-02 00:00:00', 0, '', 'Hồ Đắc Di', 4, 'mèo yếu', '2017-01-07 00:00:00', 6, 'Mèo'),
(2132, 'Chó bị bỏ Hồ Đắc Di lên Kim Ngưu ', '2017-01-04 00:00:00', 12, '', 'Hồ Đắc Di', 4, 'mất luôn trong ngày', '2017-01-04 00:00:00', 6, 'Chó'),
(2133, 'Chó Nguyễn Đức Cảnh lên Sunpet', '2017-01-04 00:00:00', 5, '', 'Nguyễn Đức Cảnh', 4, 'mất luôn trong ngày', '2017-01-04 00:00:00', 6, 'Chó'),
(2134, 'Mèo kẹt tường Vũ Tông Phan lên Hanvet', '2017-01-04 00:00:00', 6, '', 'Vũ Tông Phan', 4, '', '2017-02-07 00:00:00', 6, 'Mèo'),
(2135, 'Mèo lạc Khương Trung lên Hanvet', '2017-01-04 00:00:00', 5, NULL, 'Khương Trung', 1, '', '2017-03-13 00:00:00', 6, 'Mèo'),
(2136, 'Mèo lạc Cổ Nhuế lên Văn Cao', '2017-01-04 00:00:00', 6, NULL, 'Cổ Nhuế', 3, '', '2017-03-05 00:00:00', 6, 'Mèo'),
(2137, 'Mèo lạc Láng Hạ lên 2F HHT', '2017-01-04 00:00:00', 3, NULL, 'Láng Hạ', 3, '', '2017-04-28 00:00:00', 6, 'Mèo'),
(2138, 'Mèo Khâm Thiên lên Hanvet', '2017-01-04 00:00:00', 0, '', 'Khâm Thiên', 4, '', '2017-01-07 00:00:00', 6, 'Mèo'),
(2139, 'Mèo liệt Hà Đông lên Kim Ngưu', '2017-01-07 00:00:00', 4, '', 'Hà Đông', 4, '', '2017-02-03 00:00:00', 6, 'Mèo'),
(2140, 'Mèo hoang Tô Hiến Thành lên Kim Ngưu', '2017-01-07 00:00:00', 4, '', 'Tô Hiến Thành', 4, '', '2017-01-13 00:00:00', 6, 'Mèo'),
(2141, 'Mèo vườn hoa Đường Thành lên Gaia (mất trong ngày)', '2017-01-07 00:00:00', 5, '', 'vườn hoa Đường Thành', 4, 'mất luôn trong ngày', '2017-01-07 00:00:00', 6, 'Mèo'),
(2142, 'mèo kẹt trên cây đường Thanh Niên lên 2F', '2017-01-08 00:00:00', 7, NULL, 'Thanh Niên', 3, '', '2017-01-12 00:00:00', 6, 'Mèo'),
(2143, 'Mèo kẹt ban công ở Tân Mai lên Kim Ngưu', '2017-01-09 00:00:00', 5, '', 'Tân Mai', 4, 'mèo trắng', '2017-02-07 00:00:00', 6, 'Mèo'),
(2144, 'Mèo dính keo chuột Mỹ Đình lên Văn Cao', '2017-01-09 00:00:00', 5, '', 'Mỹ Đình', 4, 'bị dính keo', '2017-02-23 00:00:00', 6, 'Mèo'),
(2145, 'mèo dính keo chuột  ở Cầu Giấy lên Hanvet', '2017-01-09 00:00:00', 5, '', 'Cầu Giấy', 4, '', '2017-02-07 00:00:00', 6, 'Mèo'),
(2146, 'mèo lạc Hàng Gà lên Gaia', '2017-01-09 00:00:00', 5, '', 'Hàng Gà', 4, '', '2017-01-17 00:00:00', 6, 'Mèo'),
(2147, 'Chó Tân Mai lên Sunpet (mất luôn)', '2017-01-09 00:00:00', 0, '', 'Tân Mai', 4, 'yếu, mất luôn trong ngày', '2017-01-09 00:00:00', 6, 'Chó'),
(2148, 'Mèo lạc Tây Hồ lên Gaia ', '2017-01-13 00:00:00', 2, '', 'Tây Hồ', 3, 'mèo vàng nhỏ', '2017-02-07 00:00:00', 6, 'Mèo'),
(2149, 'mèo Hưng Yên tiêu chảy nặng lên Hanvet', '2017-01-13 00:00:00', 0, '', 'Hưng Yên', 4, '', '2017-02-07 00:00:00', 6, 'Mèo'),
(2150, 'Mèo Như Quỳnh lên Gaia', '2017-01-11 00:00:00', 0, NULL, 'Như Quỳnh', 3, 'mèo bò sữa bổ luống', '2017-03-15 00:00:00', 6, 'Mèo'),
(2151, 'Mèo Tôn Đức Thắng lên Hanvet ', '2017-01-12 00:00:00', 5, NULL, 'Tôn Đức Thắng ', 3, 'mèo đen', '2017-03-04 00:00:00', 6, 'Mèo'),
(2152, 'Chó lạc Giảng Võ lên Gaia ', '2017-01-12 00:00:00', 12, '', 'Giàng Võ', 4, 'chó vàng đầu đen', '2017-02-23 00:00:00', 6, 'Chó'),
(2153, 'Mèo hoại tử chân Bạch Mai lên Kim Ngưu', '2017-01-12 00:00:00', 3, '', 'Bạch Mai', 1, 'mèo nhỏ, tam thể', '2017-02-07 00:00:00', 6, 'Mèo'),
(2154, 'Mèo dính keo Thanh Xuân lên Kim Ngưu', '2017-01-12 00:00:00', 4, '', 'Thanh Xuân', 4, 'mèo đen', '2017-02-07 00:00:00', 6, 'Mèo'),
(2155, '2 Mèo sữa Khâm Thiên lên Văn Cao ', '2017-01-11 00:00:00', 0, '', 'Khâm Thiên', 4, '', '2017-02-07 00:00:00', 6, 'Mèo'),
(2156, 'đàn mèo con hoang Hà Đông về nhà fos Thuỳ Dung Lê (còn 1)', '2017-01-25 00:00:00', 0, NULL, 'Hà Đông', 1, '', '2017-02-24 00:00:00', 6, 'Mèo'),
(2157, '2 mèo Cầu Giấy lên Văn Cao', '2017-01-17 00:00:00', 4, NULL, 'Cầu Giấy', 4, '', '2017-03-05 00:00:00', 6, 'Mèo'),
(2158, 'Chó già, ghẻ Kim Ngưu lên Kim Ngưu', '2017-01-17 00:00:00', 12, '', 'Kim Ngưu', 4, '', '2017-02-07 00:00:00', 6, 'Chó'),
(2159, 'Gomi-mèo bị buộc trog túi vứt bãi rác lên Kim Ngưu', '2017-01-17 00:00:00', 4, NULL, 'không rõ', 3, '', '2017-03-24 00:00:00', 6, 'Mèo'),
(2160, 'Mèo suy kiệt tắc phân bị vứt lên Sunpet (đã chết)', '2017-01-17 00:00:00', 4, '', 'không rõ', 4, 'yếu, mất luôn', '2017-01-17 00:00:00', 6, 'Mèo'),
(2161, 'Bá tước - mèo hoại tử chân Kim Mã lên Văn Cao', '2017-01-17 00:00:00', 4, '', 'Kim Mã', 1, '', '2017-02-23 00:00:00', 6, 'Mèo'),
(2162, 'Mèo bỏng đít Lĩnh Nam lên Kim Ngưu', '2017-01-17 00:00:00', 4, '', 'Lĩnh Nam', 1, '', '2017-02-07 00:00:00', 6, 'Mèo'),
(2163, 'Mèo Lò Đúc lên Kim Ngưu', '2017-01-17 00:00:00', 3, '', 'Lò Đúc', 4, '', '2017-02-03 00:00:00', 6, 'Mèo'),
(2164, 'Mèo liệt tắc phân lên 2F', '2017-01-18 00:00:00', 3, '', 'không rõ', 4, '', '2017-02-03 00:00:00', 6, 'Mèo'),
(2165, 'Chó ghẻ vứt công viên lên Sunpet', '2017-01-18 00:00:00', 12, NULL, 'Công viên nào đấy', 3, '', '2017-03-14 00:00:00', 6, 'Chó'),
(2166, 'Mèo lạc Ngọc Khánh lên Văn Cao', '2017-01-18 00:00:00', 0, '', 'Ngọc Khánh', 4, '07/02/17: về nhà chung từ hôm nào đấy -> mất', '2017-02-07 00:00:00', 6, 'Mèo'),
(2167, 'Mèo mù chợ Ngã Tư Sở lên Hanvet', '2017-01-24 00:00:00', 4, '', 'Ngã Tư Sở', 4, '', '2017-02-03 00:00:00', 6, 'Mèo'),
(2168, 'Mèo viêm não báo tin nhặt đc tự cho đi khám trên HV', '2017-01-24 00:00:00', 3, '', 'không rõ', 1, 'Mèo nhỏ', '2017-02-03 00:00:00', 6, 'Mèo'),
(2169, ' mèo đen suy kiệt lên Hanvet', '2017-01-25 00:00:00', 0, '', 'không rõ', 4, '', '2017-02-07 00:00:00', 6, 'Mèo'),
(2170, 'Mướp lạc Hà Đông lên 2F', '2017-01-24 00:00:00', 7, NULL, 'Hà Đông', 3, '', '2017-03-06 00:00:00', 6, 'Mèo'),
(2171, 'Mèo lạc Giảng Võ lên Văn Cao', '2017-01-25 00:00:00', 0, NULL, 'Giảng Võ', 4, '', '2017-03-05 00:00:00', 6, 'Mèo'),
(2172, 'Chó care Cổ Nhuế lên Vietvet', '2017-02-24 00:00:00', 12, '', 'Cổ Nhuế', 1, '', '2017-01-25 00:00:00', 6, 'Chó'),
(2173, 'Mèo Hà Đông lên Kim Ngưu', '2017-01-25 00:00:00', 4, '', 'Hà Đông', 4, '', '2017-02-07 00:00:00', 6, 'Mèo'),
(2174, 'Mèo con đen trắng liệt 2 chân sau về Văn Cao', '2017-02-03 00:00:00', 1, '', 'không rõ', 4, '', '2017-02-03 00:00:00', 6, 'Mèo'),
(2175, 'mèo con lạc Khâm Thiên lên Kim Ngưu', '2017-01-25 00:00:00', 1, '', 'Khâm Thiên', 4, '', '2017-02-07 00:00:00', 6, 'Mèo'),
(2176, 'Mèo lạc Khương Hạ về nhà chung', '2017-01-25 00:00:00', 2, '', 'Khương Hạ', 1, '', '2017-01-25 00:00:00', 6, 'Mèo'),
(2177, 'mèo viêm ruột lên Sunpet', '2017-01-25 00:00:00', 0, '', 'không rõ', 4, '', '2017-02-03 00:00:00', 6, 'Mèo'),
(2178, 'Mèo mướp c Ngọc nhận lên Kim Ngưu', '2017-01-25 00:00:00', 0, '', 'Kim Ngưu', 1, '', '2017-02-07 00:00:00', 6, 'Mèo'),
(2179, 'Mèo biến dạng xương lên Gaia', '2017-01-25 00:00:00', 4, '', 'không rõ', 4, '', '2017-02-07 00:00:00', 6, 'Mèo'),
(2180, 'Mèo liệt tuxedo vàng lên Kim Ngưu', '2017-01-25 00:00:00', 5, '', 'không rõ', 4, '', '2017-02-03 00:00:00', 6, 'Mèo'),
(2181, 'Mèo trắng (trong đàn 3 đứa tây nhặt ) về nhà chung', '2017-01-25 00:00:00', 2, NULL, 'không rõ', 3, '', '2017-02-28 00:00:00', 6, 'Mèo'),
(2182, 'Chó Cầu Giấy lên Gaia', '2017-01-25 00:00:00', 0, '', 'Cầu Giấy', 3, '', '2017-02-07 00:00:00', 6, 'Chó'),
(2183, ' Mèo Liễu Giai, bị ném từ tầng 5 xuống, lên Văn Cao', '2017-01-26 00:00:00', 6, '', 'Liễu Giai', 4, '', '2017-02-03 00:00:00', 6, 'Mèo'),
(2184, 'Mèo gẫy chân nhận lên 2F', '2017-01-26 00:00:00', 5, '', 'không rõ', 4, '', '2017-02-07 00:00:00', 6, 'Mèo'),
(2185, 'Mèo lạc Định Công Hạ lên Gaia', '2017-01-26 00:00:00', 3, '', 'Định Công Hạ', 4, '', '2017-01-29 00:00:00', 6, 'Mèo'),
(2186, 'Mèo Khâm Thiên lên Kim Ngưu', '2017-01-26 00:00:00', 3, '', 'Khâm Thiên', 1, '', '2017-02-07 00:00:00', 6, 'Mèo'),
(2187, 'Mèo Minh Khai lên Kim Ngưu ', '2017-01-26 00:00:00', 0, '', 'Minh Khai', 4, '', '2017-02-07 00:00:00', 6, 'Mèo'),
(2188, 'Mèo lạc Tạ Quang Bửu lên Sunpet', '2017-01-29 00:00:00', 0, '', 'Tạ Quang Bửu', 1, '', '2017-02-03 00:00:00', 6, 'Mèo'),
(2189, 'Chó vàng nhỏ lên Gaia', '2017-01-29 00:00:00', 0, '', 'không rõ', 4, '', '2017-02-03 00:00:00', 6, 'Chó'),
(2190, ' Mùng 2 đi dạo- mèo vàng nhỏ Thái Hà lên Gaia', '2017-01-29 00:00:00', 1, '', 'Thái Hà', 4, '', '2017-02-07 00:00:00', 6, 'Mèo'),
(2191, 'Mèo (báo tin đuôi 58) lên Gaia', '2017-01-29 00:00:00', 0, '', 'không rõ', 3, '', '2017-02-23 00:00:00', 6, 'Mèo'),
(2192, 'Chó Văn Chương lên Gaia', '2017-01-29 00:00:00', 0, '', 'Văn Chương', 3, '', '2017-02-23 00:00:00', 6, 'Chó'),
(2193, 'Mèo Trâu Quỳ lên Gaia', '2017-01-29 00:00:00', 0, '', 'Trâu Quỳ', 1, '', '2017-02-22 00:00:00', 6, 'Mèo'),
(2194, 'Mèo Hoàng Mai lên Sunpet', '2017-01-29 00:00:00', 0, '', 'Hoàng Mai', 4, '', '2017-02-23 00:00:00', 6, 'Mèo'),
(2195, 'Mèo trắng nhỏ về nhà chung', '2017-01-29 00:00:00', 0, '', 'không rõ', 1, '', '2017-01-29 00:00:00', 6, 'Mèo'),
(2196, 'Ếch- Mèo Trần Duy Hưng lên Gaia', '2017-01-29 00:00:00', 0, '', 'Trần Duy Hưng', 4, '', '2017-02-07 00:00:00', 6, 'Mèo'),
(2197, 'Mèo nấm lên Gaia', '2017-01-29 00:00:00', 0, '', 'không rõ', 4, '', '2017-02-22 00:00:00', 6, 'Mèo'),
(2198, 'Mèo lòi dom lên Gaia', '2017-01-29 00:00:00', 0, '', 'không rõ', 4, '', '2017-02-23 00:00:00', 6, 'Mèo'),
(2199, 'mèo lạc Mỹ Đình lên Gaia', '2017-01-29 00:00:00', 0, NULL, 'Mỹ Đình', 3, '', '2017-04-25 00:00:00', 6, 'Mèo'),
(2200, 'Thỏ lên Sunpet', '2017-01-30 00:00:00', 0, '', 'không rõ', 3, '', '2017-02-07 00:00:00', 6, 'Khác'),
(2201, 'Mèo Hồ Tùng Mậu lên Gaia', '2017-01-30 00:00:00', 0, '', 'Hồ Tùng Mậu', 1, '', '2017-02-07 00:00:00', 6, 'Mèo'),
(2202, 'Mèo An Dương Vương lên Gaia', '2017-01-30 00:00:00', 0, '', 'An Dương Vương', 4, '', '2017-02-23 00:00:00', 6, 'Mèo'),
(2203, 'Mướp túi nilon lên Sunpet', '2017-01-31 00:00:00', 0, '', 'không rõ', 4, '', '2017-02-07 00:00:00', 6, 'Mèo'),
(2204, 'Mèo ngã tư sở GBC lên HV', '2017-01-31 00:00:00', 0, NULL, 'Ngã Tư Sở', 3, '', '2017-04-11 00:00:00', 6, 'Mèo'),
(2205, 'Nhái- mèo Bùi Ngọc Dương lên Gaia', '2017-01-31 00:00:00', 0, '', 'Bùi Ngọc Dương', 4, '', '2017-02-22 00:00:00', 6, 'Mèo'),
(2206, 'Mèo lạc Định Công lên Gaia (đuôi 88)', '2017-01-31 00:00:00', 0, NULL, 'Định Công', 3, '', '2017-02-22 00:00:00', 6, 'Mèo'),
(2207, '2 mèo vàng + đen lên HV', '2017-01-31 00:00:00', 0, '', 'không rõ', 4, '', '2017-02-23 00:00:00', 6, 'Mèo'),
(2208, 'mèo liệt viêm cột sống lên Gaia', '2017-01-31 00:00:00', 0, '', 'không rõ', 4, '', '2017-02-07 00:00:00', 6, 'Mèo'),
(2209, 'Mèo Mạc Thị Bưởi lên Sunpet', '2017-01-31 00:00:00', 0, '', 'Mạc Thị Bưởi', 4, '', '2017-02-07 00:00:00', 6, 'Mèo'),
(2210, 'Chó vàng nhỏ lên Sunpet', '2017-01-31 00:00:00', 0, '', 'không rõ', 4, '', '2017-02-07 00:00:00', 6, 'Chó'),
(2211, 'Chó lạc Đê La Thành lên Sunpet', '2017-02-01 00:00:00', 0, NULL, 'Đê La Thành', 3, '', '2017-03-20 00:00:00', 6, 'Chó'),
(2212, 'Chó lạc Vĩnh Tuy lên Hanvet (huskyta)', '2017-02-01 00:00:00', 0, '', 'Vĩnh Tuy', 1, '', '2017-02-23 00:00:00', 6, 'Chó'),
(2213, 'Mèo Hà Đông lên Hanvet', '2017-02-01 00:00:00', 0, '', 'Hà Đông', 1, '', '2017-02-03 00:00:00', 6, 'Mèo'),
(2214, 'Mèo tổn thương cột sống Hoàng Hoa Thám lên Văn Cao', '2017-02-02 00:00:00', 0, '', 'Hoàng Hoa Thám', 4, '', '2017-02-23 00:00:00', 6, 'Mèo'),
(2215, 'Chó lạc Âu Cơ về nhà chị Trần Hương (đã sinh 4)', '2017-02-03 00:00:00', 0, '', 'Âu Cơ', 1, '', '2017-02-07 00:00:00', 6, 'Chó'),
(2216, 'Mèo Phạm Văn Đồng lên Văn Cao', '2017-02-03 00:00:00', 0, '', 'Phạm Văn Đồng', 4, '', '2017-02-23 00:00:00', 6, 'Mèo'),
(2217, 'mèo suy thận bị tai nạn vỡ hàm lên Hanvet', '2017-02-03 00:00:00', 0, '', 'không rõ', 4, '', '2017-02-07 00:00:00', 6, 'Mèo'),
(2218, ' Rác - chó bị bỏ Hồ Ba Mẫu về nhà chị Hương', '2017-02-04 00:00:00', 0, '', 'Hồ Ba Mẫu', 4, '', '2017-02-07 00:00:00', 6, 'Chó'),
(2219, 'Mèo 15 Trần Hưng Đạo lên Gaia', '2017-02-04 00:00:00', 0, '', '15 Trần Hưng Đạo', 1, '', '2017-02-23 00:00:00', 6, 'Mèo'),
(2220, 'Mèo tên Đinh lên Hanvet', '2017-02-04 00:00:00', 0, '', 'không rõ', 1, '', '2017-02-23 00:00:00', 6, 'Mèo'),
(2221, 'Chó tai nạn Hoàng Quốc Việt lên Gaia', '2017-02-04 00:00:00', 0, '', 'Hoàng Quốc Việt', 1, '', '2017-02-04 00:00:00', 6, 'Chó'),
(2222, 'Mèo sữa Hà Đông lên Văn Cao(còn 1)', '2017-02-04 00:00:00', 0, NULL, 'Hà Đông', 3, '', '2017-04-01 00:00:00', 6, 'Mèo'),
(2223, 'Mèo lạc khỏe sáng 04/02/17 lên HV', '2017-02-04 00:00:00', 0, '', 'không rõ', 1, '', '2017-02-22 00:00:00', 6, 'Mèo'),
(2224, ' mèo lạc lên Kim Ngưu ', '2017-02-04 00:00:00', 0, '', 'không rõ', 4, '', '2017-02-23 00:00:00', 6, 'Mèo'),
(2225, 'Mèo lạc tên Trôi ngõ 75 Giải Phóng về Nguyễn Hương', '2017-02-05 00:00:00', 0, '', 'Giải Phóng', 4, '', '2017-02-22 00:00:00', 6, 'Mèo'),
(2226, 'Mèo lạc Hoàng Mai lên Hanvet', '2017-02-05 00:00:00', 0, '', 'Hoàng Mai', 1, '', '2017-02-23 00:00:00', 6, 'Mèo'),
(2227, 'Chó Thanh Xuân lên Kim Ngưu', '2017-02-05 00:00:00', 0, '', 'Thanh Xuân', 4, '', '2017-02-07 00:00:00', 6, 'Chó'),
(2228, 'Tam thể bầu thùng xanh về c Hà', '2017-02-06 00:00:00', 0, '', 'không rõ', 1, '', '2017-02-06 00:00:00', 6, 'Mèo'),
(2229, 'Phốc nâu sót case lên Kim Ngưu 04/02', '2017-02-04 00:00:00', 0, '', 'không rõ', 1, '', '2017-02-23 00:00:00', 6, 'Chó'),
(2230, 'Ngân gầy về Hanvet', '2017-02-06 00:00:00', 0, '', 'không rõ', 1, '', '2017-02-22 00:00:00', 6, 'Mèo'),
(2231, 'Trịnh 22- Chó lạc Tôn Đức Thắng lên Kim Ngưu', '2017-02-06 00:00:00', 0, NULL, 'Tôn Đức Thắng', 4, '', '2017-04-11 00:00:00', 6, 'Chó'),
(2232, 'Chó care Ngọc Hồi về nhà chị Trần Hương', '2017-02-06 00:00:00', 0, '', 'Ngọc Hồi', 4, '', '2017-02-22 00:00:00', 6, 'Chó'),
(2233, ' Mèo lạc Lê Thánh Tông lên Kim Ngưu', '2017-03-05 00:00:00', 0, NULL, 'Lê Thánh Tông', 3, '', '2017-05-18 00:00:00', 6, 'Mèo'),
(2234, 'mèo lạc Định Công khá yếu lên Hanvet', '2017-02-06 00:00:00', 0, '', 'Định Công', 4, '', '2017-02-23 00:00:00', 6, 'Mèo'),
(2235, 'mèo chảy máu mồm Bách Khoa lên Hanvet', '2017-02-06 00:00:00', 0, '', 'Bách Khoa', 4, '', '2017-02-23 00:00:00', 6, 'Mèo'),
(2236, 'Mèo lạc Giáp Nhất lên Hanvet', '2017-02-06 00:00:00', 0, NULL, 'Giáp Nhất', 4, '', '2017-02-23 00:00:00', 6, 'Mèo'),
(2237, 'Chó tai nạn cầu Vĩnh Tuy lên Kim Ngưu', '2017-02-08 00:00:00', 0, NULL, 'Vĩnh Tuy', 4, '', '2017-02-09 00:00:00', 6, 'Chó'),
(2238, 'Mèo lạc Tôn Đức Thắng lên Văn Cao', '2017-02-08 00:00:00', 0, NULL, 'Tôn Đức Thắng', 4, '', '2017-02-23 00:00:00', 6, 'Mèo'),
(2239, 'Mèo lạc phủ Tây Hồ lên 2F', '2017-02-08 00:00:00', 0, NULL, 'Phủ Tây Hồ', 4, '', '2017-03-20 00:00:00', 6, 'Mèo'),
(2240, 'Mèo bị đánh Đốc Ngữ lên Văn Cao (mất luôn)', '2017-02-08 00:00:00', 0, NULL, 'Đốc Ngữ', 4, 'mất luôn trong ngày', '2017-02-08 00:00:00', 6, 'Mèo'),
(2241, 'Mèo hoang Hồ Tùng Mậu lên Văn Cao', '2017-02-08 00:00:00', 0, NULL, 'Hồ Tùng Mậu', 1, '', '2017-03-05 00:00:00', 6, 'Mèo'),
(2242, 'Mèo hoang Quỳnh Mai lên Kim Ngưu', '2017-02-08 00:00:00', 0, NULL, 'Quỳnh Mai', 4, '', '2017-02-23 00:00:00', 6, 'Mèo'),
(2243, 'mèo tai nạn Lĩnh Nam lên Kim Ngưu (3 chân)', '2017-02-08 00:00:00', 0, NULL, 'Lĩnh Nam', 4, '', '2017-03-05 00:00:00', 6, 'Mèo'),
(2244, ' mèo con lạc ở Kim Mã lên Văn Cao', '2017-02-08 00:00:00', 0, NULL, 'Kim Mã', 1, '', '2017-02-23 00:00:00', 6, 'Mèo'),
(2245, ' 2 mèo Nguyễn Cơ Thạch lên Gaia', '2017-02-08 00:00:00', 0, NULL, 'Nguyễn Cơ Thạch', 4, '', '2017-02-23 00:00:00', 6, 'Mèo'),
(2246, 'Mèo chủ vứt Vincom Bà Triệu lên Kim Ngưu', '2017-02-10 00:00:00', 0, NULL, 'Vincom Bà Triệu ', 2, '', '2017-06-04 00:00:00', 6, 'Mèo'),
(2247, 'mèo ĐH Khoa học tự nhiên lên Hanvet', '2017-02-10 00:00:00', 0, NULL, 'ĐH Khoa học tự nhiên', 4, '', '2017-02-23 00:00:00', 6, 'Mèo'),
(2248, '2 mèo con 34A Trần Phú lên Văn Cao (tuxedo vàng + mướp)', '2017-02-10 00:00:00', 0, NULL, 'Trần Phú', 4, '', '2017-02-22 00:00:00', 6, 'Mèo'),
(2249, 'Chó lạc Trần Kim Xuyến lên Kim Ngưu', '2017-02-10 00:00:00', 0, NULL, 'Kim Xuyến', 1, '', '2017-02-23 00:00:00', 6, 'Chó'),
(2250, 'Mèo trúng độc Tôn Đức Thắng lên Gaia', '2017-02-10 00:00:00', 0, NULL, 'Tôn Đức Thắng', 4, '', '2017-02-22 00:00:00', 6, 'Mèo'),
(2251, 'mèo viêm phổi lên Kim Ngưu (mất)', '2017-02-10 00:00:00', 0, NULL, 'không rõ', 4, 'mất luôn trong ngày', '2017-02-10 00:00:00', 6, 'Mèo'),
(2252, 'Mèo Phan Đình Giót lên Hanvet', '2017-02-12 00:00:00', 0, NULL, 'Phan Đình Giót', 1, '', '2017-03-05 00:00:00', 6, 'Mèo'),
(2253, 'Mèo lang thang chợ Nghĩa Tân lên Văn Cao', '2017-02-12 00:00:00', 0, NULL, 'Nghĩa Tân', 4, '', '2017-02-23 00:00:00', 6, 'Mèo'),
(2254, 'Mèo liệt xám đen lên Hanvet', '2017-02-12 00:00:00', 0, NULL, 'không rõ', 1, '', '2017-02-22 00:00:00', 6, 'Mèo'),
(2255, 'Mèo Cầu Giấy lên Hanvet', '2017-02-12 00:00:00', 0, NULL, 'Cầu Giấy', 1, '', '2017-03-05 00:00:00', 6, 'Mèo'),
(2256, 'Mèo tai nạn Thành Công lên 2F', '2017-02-12 00:00:00', 0, NULL, 'Thành Công', 4, '', '2017-03-05 00:00:00', 6, 'Mèo'),
(2257, 'mèo gẫy chân Thái Hà lên Văn Cao', '2017-02-12 00:00:00', 0, NULL, 'Thái Hà', 4, '', '2017-03-20 00:00:00', 6, 'Mèo'),
(2258, 'Mèo bị vứt bãi rác Phúc Tân lên Gaia', '2017-02-13 00:00:00', 0, NULL, 'Phúc Tân', 4, '', '2017-03-05 00:00:00', 6, 'Mèo'),
(2259, 'Chó ghẻ Thanh Trì lên Hanvet', '2017-02-13 00:00:00', 0, NULL, 'Thanh Trì', 4, '', '2017-02-23 00:00:00', 6, 'Chó'),
(2260, '2 mèo Trần Khát Chân lên Kim Ngưu (vàng + mướp)', '2017-02-13 00:00:00', 0, NULL, 'Trần Khát Chân', 4, '', '2017-03-05 00:00:00', 6, 'Mèo'),
(2261, 'fox già ở Kim Ngưu (sót case)', '2017-02-15 00:00:00', 0, NULL, 'Kim Ngưu', 1, '', '2017-03-05 00:00:00', 6, 'Chó'),
(2262, 'Mèo hoang Cầu Giấy về c Minh Yến (còn mèo mẹ)', '2017-02-15 00:00:00', 0, NULL, 'Cầu Giấy', 1, '', '2017-03-05 00:00:00', 6, 'Mèo'),
(2263, 'Chó con care về nhà chị Trần Hương', '2017-02-15 00:00:00', 0, NULL, 'không rõ', 4, '', '2017-02-23 00:00:00', 6, 'Chó'),
(2264, 'mèo bị vứt bãi cỏ Lê Văn Lương lên Kim Ngưu', '2017-02-15 00:00:00', 0, NULL, 'Lê Văn Lương', 4, '', '2017-04-30 00:00:00', 6, 'Mèo'),
(2265, 'mèo lạc Khâm Thiên lên Hanvet', '2017-02-15 00:00:00', 0, NULL, 'Khâm Thiên', 1, '', '2017-02-23 00:00:00', 6, 'Mèo'),
(2266, 'pít bull ghẻ Hoàng Tích Trí lên Kim Ngưu', '2017-02-16 00:00:00', 0, NULL, 'Hoàng Tích Trí', 4, '', '2017-04-11 00:00:00', 6, 'Chó'),
(2267, 'Mèo Cầu Giấy GBC lên HV', '2017-02-16 00:00:00', 0, NULL, 'Cầu Giấy', 4, '', '2017-02-23 00:00:00', 6, 'Mèo'),
(2268, 'mèo nghi trúng độc nặng ở Kim Ngưu lên Hanvet', '2017-02-17 00:00:00', 0, NULL, 'Kim Ngưu', 4, '', '2017-03-05 00:00:00', 6, 'Mèo'),
(2269, 'mèo hoang Cầu Giấy lên Hanvet', '2017-02-17 00:00:00', 0, NULL, 'Cầu Giấy', 1, '', '2017-03-05 00:00:00', 6, 'Mèo'),
(2270, 'Mèo lạc Long Biên lên Gaia', '2017-02-18 00:00:00', 0, NULL, 'Long Biên', 4, '', '2017-03-05 00:00:00', 6, 'Mèo'),
(2271, 'Tè - mèo vàng về nhà chung (dắt chó đi tè)', '2017-02-18 00:00:00', 0, NULL, 'Phần Lan', 4, '', '2017-03-05 00:00:00', 6, 'Mèo'),
(2272, 'Bò sữa băng tay lên Gaia', '2017-02-18 00:00:00', 0, NULL, 'không rõ', 3, '', '2017-04-11 00:00:00', 6, 'Mèo'),
(2273, 'Mèo lạc Phạm Đình Hổ về nhà cô Ngân', '2017-02-18 00:00:00', 0, NULL, 'Phạm Đình Hổ', 1, '', '2017-03-05 00:00:00', 6, 'Mèo'),
(2274, 'Chó già Xuân La, Xuân Đỉnh lên Gaia', '2017-02-22 00:00:00', 0, NULL, 'Xuân La', 1, '', '2017-02-22 00:00:00', 6, 'Chó'),
(2275, 'Đàn 1 mẹ 4 con về nhà chị Hà (còn 1 mẹ 1 con)', '2017-02-22 00:00:00', 0, NULL, 'không rõ', 1, '', '2017-02-22 00:00:00', 6, 'Mèo'),
(2276, '4 mèo sữa Hoàng Văn Thái ghép đàn 2275 về c Hà', '2017-02-22 00:00:00', 0, NULL, 'Hoàng Văn Thái', 4, '', '2017-03-14 00:00:00', 6, 'Mèo'),
(2277, 'Chó con lên Gaia phát parvo chuyển Sunpet', '2017-02-22 00:00:00', 0, NULL, 'không rõ', 4, '', '2017-03-13 00:00:00', 6, 'Chó'),
(2278, 'Mèo lạc Hoàng Hoa Thám lên 2F', '2017-02-22 00:00:00', 0, NULL, 'Hoàng Hoa Thám ', 3, '', '2017-05-28 00:00:00', 6, 'Mèo'),
(2279, 'Mèo gẫy chân Tây Hồ lên 2F', '2017-02-22 00:00:00', 0, NULL, 'Tây Hồ', 4, '', '2017-03-05 00:00:00', 6, 'Mèo'),
(2280, 'Mèo ăn bả chuột Lĩnh Nam lên HV (mất)', '2017-02-22 00:00:00', 0, NULL, 'Lĩnh Nam', 4, 'mất luôn trong ngày', '2017-02-22 00:00:00', 6, 'Mèo'),
(2281, 'Chó Nguyễn Văn Huyên lên Kim Ngưu', '2017-02-23 00:00:00', 0, NULL, 'Nguyễn Văn Huyên ', 1, '', '2017-03-05 00:00:00', 6, 'Chó'),
(2282, 'mèo Việt kiều nhặt đc ở đâu đó lên Văn Cao', '2017-02-23 00:00:00', 0, NULL, 'không rõ', 4, '', '2017-03-05 00:00:00', 6, 'Mèo'),
(2283, 'mèo trĩ lên Hanvet (25/02)', '2017-02-25 00:00:00', 0, NULL, 'không rõ', 1, '', '2017-02-25 00:00:00', 6, 'Mèo'),
(2284, 'Mèo Đội Cấn lên Văn Cao', '2017-02-25 00:00:00', 0, NULL, 'Đội Cấn', 1, '', '2017-03-05 00:00:00', 6, 'Mèo'),
(2285, 'mèo GBC báo tin đưa từ Bắc Ninh lên Văn Cao', '2017-02-25 00:00:00', 0, NULL, 'Bắc Ninh', 4, '', '2017-03-13 00:00:00', 6, 'Mèo'),
(2286, 'chó mặt nhăn lên Sunpet', '2017-02-27 00:00:00', 0, NULL, 'không rõ', 3, '', '2017-03-05 00:00:00', 6, 'Chó'),
(2287, 'Mèo Royal City lên Hanvet', '2017-02-27 00:00:00', 0, NULL, 'Royal City ', 4, '', '2017-03-05 00:00:00', 6, 'Mèo'),
(2288, 'mèo liệt Võ Thị Sáu lên Kim Ngưu', '2017-02-27 00:00:00', 0, NULL, 'Võ Thị Sáu', 4, '', '2017-03-13 00:00:00', 6, 'Mèo'),
(2289, ' mèo đẻ non Hưng Yên lên Kim Ngưu', '2017-02-27 00:00:00', 0, NULL, ' Hưng Yên', 1, '', '2017-02-27 00:00:00', 6, 'Mèo'),
(2290, 'Mèo trắng lạc lên 2F', '2017-02-27 00:00:00', 0, NULL, 'không rõ', 4, '', '2017-03-02 00:00:00', 6, 'Mèo'),
(2291, 'Chó Kim Mã lên Kim Ngưu', '2017-02-27 00:00:00', 0, NULL, 'Kim Mã', 3, '', '2017-04-11 00:00:00', 6, 'Chó'),
(2292, 'mèo nhỡ lạc lên Hanvet', '2017-02-27 00:00:00', 0, NULL, 'không rõ', 1, '', '2017-03-05 00:00:00', 6, 'Mèo'),
(2293, 'chó đen lạc về nhà chị Trần Hương', '2017-02-27 00:00:00', 0, NULL, 'không rõ', 4, '', '2017-04-11 00:00:00', 6, 'Chó'),
(2294, 'mèo bị rách chân Phạm Văn Đồng lên Văn Cao', '2017-03-02 00:00:00', 0, NULL, 'Phạm Văn Đồng', 3, '', '2017-06-20 00:00:00', 6, 'Mèo'),
(2295, 'fox care bị vứt 2 lần lên AC', '2017-03-02 00:00:00', 0, NULL, 'không rõ', 4, '', '2017-03-05 00:00:00', 6, 'Chó'),
(2296, 'Mèo bị chủ bỏ ở Hanvet, về nhà chung', '2017-03-02 00:00:00', 0, NULL, 'Trường Chinh', 1, '', '2017-03-02 00:00:00', 6, 'Mèo'),
(2297, 'mèo yếu Lạc Long Quân lên Gaia', '2017-03-02 00:00:00', 0, NULL, 'Lạc Long Quân', 4, '', '2017-03-13 00:00:00', 6, 'Mèo'),
(2298, 'Mèo lạc Hà Đông về Hanvet', '2017-03-02 00:00:00', 0, NULL, 'Hà Đông', 1, '', '2017-03-02 00:00:00', 6, 'Mèo'),
(2299, 'Mèo ĐH NN lên Hanvet, suy kiệt nặng, bụng to', '2017-03-03 00:00:00', 0, NULL, 'Đại học Ngoại Ngữ', 4, '', '2017-03-13 00:00:00', 6, 'Mèo'),
(2300, 'Mèo hoang Thái Hà lên Văn Cao', '2017-03-03 00:00:00', 0, NULL, 'Thái Hà', 4, '', '2017-03-13 00:00:00', 6, 'Mèo'),
(2301, 'Mèo lạc Thái Hà lên Hanvet', '2017-03-03 00:00:00', 0, NULL, 'Thái Hà', 1, '', '2017-03-03 00:00:00', 6, 'Mèo'),
(2302, 'Mèo lạc chợ Đồng Xuân lên Gaia', '2017-03-03 00:00:00', 0, NULL, 'Đồng Xuân', 1, '', '2017-03-05 00:00:00', 6, 'Mèo'),
(2303, 'Mèo sữa Hoàng Mai lên Gaia', '2017-03-03 00:00:00', 0, NULL, 'Hoàng Mai', 4, '', '2017-03-14 00:00:00', 6, 'Mèo'),
(2304, 'Mèo hoang Trần Duy Hưng lên Văn Cao', '2017-03-03 00:00:00', 0, NULL, 'Trần Duy Hưng', 4, '', '2017-03-20 00:00:00', 6, 'Mèo'),
(2305, 'mèo gẫy chân lên Gaia', '2017-03-03 00:00:00', 0, NULL, 'không rõ', 1, '', '2017-03-03 00:00:00', 6, 'Mèo'),
(2306, ' Mèo trúng độc Bách Khoa lên Hanvet', '2017-03-05 00:00:00', 0, NULL, 'Bách Khóa', 4, '05/03/17: mất luôn trước cửa pk', '2017-03-05 00:00:00', 6, 'Mèo'),
(2307, ' mèo cửa cổ Minh Khai lên Kim Ngưu', '2017-03-05 00:00:00', 0, NULL, 'Minh Khai', 1, '', '2017-03-05 00:00:00', 6, 'Mèo'),
(2308, 'mèo cầu Chương Dương lên Gaia', '2017-03-05 00:00:00', 0, NULL, 'Chương Dương', 4, '', '2017-03-20 00:00:00', 6, 'Mèo'),
(2309, 'Chó Xuân Diệu lên Kim Ngưu', '2017-03-06 00:00:00', 0, NULL, 'Xuân Diệu', 4, '', '2017-04-07 00:00:00', 6, 'Chó'),
(2310, 'Mèo Âu Cơ lên Gaia', '2017-03-06 00:00:00', 0, NULL, 'Âu Cơ', 1, '', '2017-03-06 00:00:00', 6, 'Mèo'),
(2311, 'mèo nhặt đc ở bãi rác Trường Chinh lên Hanvet', '2017-03-06 00:00:00', 0, NULL, 'Trường Chinh', 1, '', '2017-03-06 00:00:00', 6, 'Mèo'),
(2312, 'Mèo hoang Bạch Đằng lên 2F', '2017-03-06 00:00:00', 0, NULL, 'Bạch Đằng', 4, '', '2017-03-13 00:00:00', 6, 'Mèo'),
(2313, 'mèo hoang Khương Trung lên Hanvet', '2017-03-06 00:00:00', 0, NULL, 'Khương Trung', 4, '', '2017-03-20 00:00:00', 6, 'Mèo'),
(2314, '3 mèo sữa Vân Đồn lên Gaia', '2017-03-06 00:00:00', 0, NULL, 'Vân Đồn', 4, '', '2017-03-20 00:00:00', 6, 'Mèo'),
(2315, 'Mèo yếu Trần Khát Chân lên Hanvet', '2017-03-06 00:00:00', 0, NULL, 'Trần Khát Chân', 4, '', '2017-03-13 00:00:00', 6, 'Mèo'),
(2316, '5 mèo sữa Đan Phượng lên Gaia', '2017-03-08 00:00:00', 0, NULL, 'Đan Phượng', 4, '', '2017-04-30 00:00:00', 6, 'Mèo'),
(2317, '3 mèo sữa vứt đê Ng Khoái lên Gaia (gửi về mèo mẹ)', '2017-03-08 00:00:00', 0, NULL, 'Nguyễn Khoái', 1, '', '2017-03-13 00:00:00', 6, 'Mèo'),
(2318, 'Mèo chuộc Thanh Xuân lên Hanvet', '2017-03-08 00:00:00', 0, NULL, 'Thanh Xuân', 3, '', '2017-06-18 00:00:00', 6, 'Mèo'),
(2319, 'Mèo Phạm Tuấn Tài lên Hanvet', '2017-03-08 00:00:00', 0, NULL, 'Phạm Tuấn Tài', 1, '', '2017-03-08 00:00:00', 6, 'Mèo'),
(2320, 'Mèo hoang tnv nhặt được, lên Hanvet', '2017-03-08 00:00:00', 0, NULL, 'không rõ', 1, '', '2017-03-08 00:00:00', 6, 'Mèo'),
(2321, '3 mèo con bị GBC Trần Duy Hưng, lên Hanvet (còn 1)', '2017-03-08 00:00:00', 0, NULL, 'Trần Duy Hưng', 1, '', '2017-03-08 00:00:00', 6, 'Mèo'),
(2322, 'Mèo suy kiệt Lương Yên lên Kim Ngưu, mất ngay hôm sau', '2017-03-08 00:00:00', 0, NULL, 'Lương Yên', 4, '', '2017-03-09 00:00:00', 6, 'Mèo'),
(2323, 'Mèo hoang Nguyễn Thái Học, lên Văn Cao', '2017-03-08 00:00:00', 0, NULL, 'Nguyễn Thái Học', 1, '', '2017-03-13 00:00:00', 6, 'Mèo'),
(2324, 'mèo hoang Nguyễn Thái Học nữa lên Văn Cao (mướp rách da mắt)', '2017-03-08 00:00:00', 0, NULL, '', 1, '', '2017-03-08 00:00:00', 6, 'Mèo'),
(2325, 'mèo tiền ko phải là vấn đề lên Văn Cao', '2017-03-08 00:00:00', 0, NULL, 'không rõ', 4, '', '2017-03-20 00:00:00', 6, 'Mèo'),
(2326, 'mèo bị báo tin vứt trước cửa Ivet lên Gaia', '2017-03-08 00:00:00', 0, NULL, 'Ivet', 4, 'yếu, mất luôn hôm sau', '2017-03-09 00:00:00', 6, 'Mèo'),
(2327, 'Chó lạc Kim Ngưu lên Kim Ngưu, bị pravo', '2017-03-08 00:00:00', 0, NULL, 'Kim Ngưu', 1, '', '2017-03-17 00:00:00', 6, 'Chó'),
(2328, 'Mèo trộm ở 105 Thái Thịnh về Hanvet ( vàng ức trắng)', '2017-03-14 00:00:00', 0, NULL, '105 Thái Thịnh', 1, '', '2017-03-14 00:00:00', 6, 'Mèo'),
(2329, 'Mèo trộm ở 105 Thái Thịnh về Hanvet (trắng)', '2017-03-14 00:00:00', 0, NULL, '105 Thái Thịnh', 3, '', '2017-04-30 00:00:00', 6, 'Mèo'),
(2330, 'Mèo trộm ở 105 Thái Thịnh về Hanvet (tuxedo)', '2017-03-14 00:00:00', 0, NULL, '105 Thái Thịnh', 3, '', '2017-04-30 00:00:00', 6, 'Mèo'),
(2331, 'Mèo trộm ở 105 Thái Thịnh về Hanvet (mướp)', '2017-03-14 00:00:00', 0, NULL, '105 Thái Thịnh', 3, '', '2017-04-30 00:00:00', 6, 'Mèo'),
(2332, 'Mèo bầu Trần Quang Diệu về fos Phượng Tata', '2017-03-14 00:00:00', 0, NULL, 'Trần Quang Diệu', 1, '', '2017-03-14 00:00:00', 6, 'Mèo'),
(2333, 'Mèo chủ bỏ ở cổng Gaia về nhà chị Hà', '2017-03-14 00:00:00', 0, NULL, 'Gaia', 1, '', '2017-03-14 00:00:00', 6, 'Mèo'),
(2334, 'Pu đồ ghẻ lên Văn Cao', '2017-03-14 00:00:00', 0, NULL, 'không rõ', 1, '', '2017-03-14 00:00:00', 6, 'Mèo'),
(2335, 'mèo suy kiệt nặng lên 2F', '2017-03-14 00:00:00', 0, NULL, 'không rõ', 4, '', '2017-03-20 00:00:00', 6, 'Mèo'),
(2336, 'Mèo sữa còn nguyên dây rốn Tôn Thất Tùng lên Gaia (mất luôn)', '2017-03-13 00:00:00', 0, NULL, 'Tôn Thất Tùng', 4, '', '2017-03-13 00:00:00', 6, 'Mèo'),
(2337, 'Thanh An - Mèo Mã Mây lên 2F', '2017-03-14 00:00:00', 0, NULL, 'Mã Mây', 1, '', '2017-03-16 00:00:00', 6, 'Mèo'),
(2338, 'Mèo Gia Lâm lên Gaia, bị dính bẫy gẫy chân gẫy đuôi', '2017-03-16 00:00:00', 0, NULL, 'Gia Lâm', 4, '', '2017-05-15 00:00:00', 6, 'Mèo'),
(2339, 'mèo bị bạo hành suy kiệt Khương Trung lên Kim Ngưu', '2017-03-16 00:00:00', 0, NULL, 'Khương Trung', 4, '', '2017-04-07 00:00:00', 6, 'Mèo'),
(2340, 'mèo tây bị bỏ, 45 Hồ Ba Mẫu, lên Hanvet', '2017-03-17 00:00:00', 0, NULL, 'Hồ Ba Mẫu', 1, '', '2017-03-17 00:00:00', 6, 'Mèo'),
(2341, 'đàn mèo mẹ con bị bỏ ngã tư Khuất Duy Tiến về nhà chị Hà', '2017-03-18 00:00:00', 0, NULL, 'Khuất Duy Tiến', 1, '', '2017-03-18 00:00:00', 6, 'Mèo'),
(2342, 'Voi- mèo phù chân voi Khâm Thiên lên Gaia (mất luôn)', '2017-03-18 00:00:00', 0, NULL, '', 4, '', '2017-03-18 00:00:00', 6, 'Mèo'),
(2343, 'mèo bầu bị đánh nát chân lên Hanvet (mất luôn)', '2017-03-18 00:00:00', 0, NULL, 'Không rõ', 4, '', '2017-03-18 00:00:00', 6, 'Mèo'),
(2344, 'Mèo sữa Triều Khúc lên Gaia', '2017-03-18 00:00:00', 0, NULL, 'Triều Khúc, Thanh Xuân', 3, '', '2017-03-22 00:00:00', 6, 'Mèo'),
(2345, 'Chó Điên, mèo ĐHNN lên Văn Cao', '2017-03-18 00:00:00', 0, NULL, 'ĐH Hà Nội', 4, '', '2017-03-20 00:00:00', 6, 'Mèo'),
(2346, 'Quýt - Mèo bị móc họng lên Gaia', '2017-03-18 00:00:00', 0, NULL, 'Không rõ', 4, '', '2017-04-07 00:00:00', 6, 'Mèo'),
(2347, 'Mèo nhập sót case trên Hanvet', '2017-03-18 00:00:00', 0, NULL, 'không rõ', 4, '', '2017-04-07 00:00:00', 6, 'Mèo'),
(2348, 'Mèo kẹt tường Sơn Tây lên Hanvet', '2017-03-20 00:00:00', 0, NULL, 'Sơn Tây', 4, '', '2017-04-07 00:00:00', 6, 'Mèo'),
(2349, 'Mèo lạc Long Biên lên Gaia', '2017-03-20 00:00:00', 0, NULL, 'Long Biên', 3, '', '2017-05-08 00:00:00', 6, 'Mèo'),
(2350, 'Mèo sữa Nam Từ Liêm lên Gaia', '2017-03-20 00:00:00', 0, NULL, 'Nam Từ Liêm', 1, '', '2017-03-20 00:00:00', 6, 'Mèo'),
(2351, 'Mèo lạc Âu Cơ lên 2F', '2017-03-20 00:00:00', 0, NULL, 'Âu Cơ', 4, '', '2017-04-07 00:00:00', 6, 'Mèo'),
(2352, 'Mèo gẫy chân Đội Cấn lên Văn Cao', '2017-03-20 00:00:00', 0, NULL, 'Đội Cấn', 4, '', '2017-03-22 00:00:00', 6, 'Mèo'),
(2353, 'Mèo đường cao tốc Khuất Duy Tiến lên Hanvet', '2017-03-19 00:00:00', 0, NULL, 'Khuất Duy Tiến', 3, '', '2017-05-25 00:00:00', 6, 'Mèo'),
(2354, 'Chó Quốc Oai lên Sunpet', '2017-03-21 00:00:00', 0, NULL, 'Quốc Oai', 1, '', '2017-03-21 00:00:00', 6, 'Chó'),
(2355, 'Mèo hoang Hoàng Quốc Việt về nhà fos Loan Đỗ', '2017-03-22 00:00:00', 0, NULL, 'Hoàng Quốc Việt', 3, '', '2017-06-04 00:00:00', 6, 'Mèo'),
(2356, 'Mèo lạc Hồ Đắc Di lên Hanvet', '2017-03-22 00:00:00', 0, NULL, 'Hồ Đắc Di ', 4, '', '2017-04-07 00:00:00', 6, 'Mèo'),
(2357, 'Mèo suy kiệt lên 2F', '2017-03-22 00:00:00', 0, NULL, 'không rõ', 4, '', '2017-04-07 00:00:00', 6, 'Mèo'),
(2358, 'Mèo suy kiệt Khương Trung lên Hanvet ', '2017-03-22 00:00:00', 0, NULL, 'Khương Trung', 1, '', '2017-03-22 00:00:00', 6, 'Mèo'),
(2359, 'Mèo lạc Trần Quốc Hoàn lên Văn Cao', '2017-03-22 00:00:00', 0, NULL, 'Trần Quốc Hoàn', 4, '', '2017-04-07 00:00:00', 6, 'Mèo'),
(2360, 'Mèo gẫy chân Hồ Tùng Mậu lên Văn Cao', '2017-03-22 00:00:00', 0, NULL, 'Hồ Tùng Mậu', 1, '', '2017-03-22 00:00:00', 6, 'Mèo'),
(2361, 'Mèo Tống Duy Tân lên Gaia', '2017-03-22 00:00:00', 0, NULL, 'Tống Duy Tân', 4, '', '2017-04-07 00:00:00', 6, 'Mèo'),
(2362, 'mèo ở số 2 Văn Cao chuyển lên số 3 Văn Cao', '2017-03-22 00:00:00', 0, NULL, 'Số 2 Văn Cao', 4, '', '2017-04-30 00:00:00', 6, 'Mèo'),
(2363, 'Mèo Núi Trúc lên 2F', '2017-03-22 00:00:00', 0, NULL, 'Núi Trúc', 4, '', '2017-04-07 00:00:00', 6, 'Mèo'),
(2364, 'Mèo đê Nguyễn Khoái lên Kim Ngưu', '2017-03-27 00:00:00', 0, NULL, 'Nguyễn Khoái', 4, '07/04/17: mất', '2017-04-07 00:00:00', 6, 'Mèo'),
(2365, 'Mèo Hồ Tùng Mậu lên Hanvet', '2017-03-27 00:00:00', 0, NULL, 'Hồ Tùng Mậu', 1, '', '2017-03-27 00:00:00', 6, 'Mèo'),
(2366, 'Mèo Hà Đông lên Hanvet, nấm nhẹ', '2017-03-27 00:00:00', 0, NULL, 'Hà Đông', 4, '07/04/17: mất', '2017-04-07 00:00:00', 6, 'Mèo'),
(2367, 'Mèo Linh Đàm về nhà chị Trần Hương', '2017-03-27 00:00:00', 0, NULL, 'Linh Đàm', 1, '', '2017-03-27 00:00:00', 6, 'Mèo'),
(2368, 'Mèo Cầu Diễn lên Văn Cao, bị GBC', '2017-03-27 00:00:00', 0, NULL, 'Cầu Diễn', 4, '', '2017-04-11 00:00:00', 6, 'Mèo'),
(2369, 'Poodle Thái Hà bị pravo lên Hanvet', '2017-03-27 00:00:00', 0, NULL, 'Thái Hà', 4, '07/04/17: mất', '2017-04-07 00:00:00', 6, 'Chó'),
(2370, 'mèo tắc phân, chân yếu lên Văn Cao', '2017-03-27 00:00:00', 0, NULL, 'không rõ', 4, '07/04/17: mất', '2017-04-07 00:00:00', 6, 'Mèo'),
(2371, 'Mèo sữa Cầu Giấy về nhà mèo mẹ bú nhờ ở Phố Huế', '2017-03-29 00:00:00', 0, NULL, 'Cầu Giấy', 1, '', '2017-03-29 00:00:00', 6, 'Mèo'),
(2372, 'Mèo ghẻ tai nhập sót case, lên Văn Cao ', '2017-03-29 00:00:00', 0, NULL, 'không rõ', 1, '', '2017-03-29 00:00:00', 6, 'Mèo'),
(2373, ' Mèo Núi Trúc lên Văn Cao', '2017-03-29 00:00:00', 0, NULL, 'Núi Trúc', 4, '07/04/17: mất', '2017-04-07 00:00:00', 6, 'Mèo'),
(2374, 'Mèo u bụng bị vứt xe rác Ngõ Quỳnh lên Kim Ngưu', '2017-03-29 00:00:00', 0, NULL, 'Ngõ Quỳnh', 4, '', '2017-04-11 00:00:00', 6, 'Mèo'),
(2375, '2 mèo chợ Bưởi lên Gaia (còn 1)', '2017-03-29 00:00:00', 0, NULL, 'Chợ Bưởi', 2, '', '2017-06-01 00:00:00', 6, 'Mèo'),
(2376, 'Mèo ngã lòi xương Minh Khai lên Kim Ngưu', '2017-03-29 00:00:00', 0, NULL, 'Minh Khai', 4, '', '2017-04-11 00:00:00', 6, 'Mèo'),
(2377, 'Mèo hoang Tây Sơn lên Hanvet', '2017-03-29 00:00:00', 0, NULL, 'Tây Sơn', 4, '', '2017-04-11 00:00:00', 6, 'Mèo'),
(2378, 'Mèo hoang Hồ Tùng Mậu lên Hanvet', '2017-03-29 00:00:00', 0, NULL, 'Hồ Tùng Mậu', 1, '', '2017-03-29 00:00:00', 6, 'Mèo'),
(2379, 'Mèo bị thần kinh, liệt lưỡi lên Hanvet', '2017-03-29 00:00:00', 0, NULL, 'không rõ', 1, '', '2017-03-29 00:00:00', 6, 'Mèo'),
(2380, 'Mèo Mã Mây lên 2F', '2017-03-29 00:00:00', 0, NULL, 'Mã Mây', 1, '', '2017-03-29 00:00:00', 6, 'Mèo'),
(2381, 'Mèo yếu Kim Mã lên Văn Cao (mướp con)', '2017-03-30 00:00:00', 0, NULL, 'Kim Mã', 4, '07/04/17: mất', '2017-04-07 00:00:00', 6, 'Mèo'),
(2382, 'Chó tai nạn Mỹ Đình lên Văn Cao', '2017-03-30 00:00:00', 0, NULL, 'Mỹ Đình', 3, '07/04/17: có chủ', '2017-03-30 00:00:00', 6, 'Chó'),
(2383, 'Mèo Kim Mã lên Văn Cao', '2017-03-30 00:00:00', 0, NULL, 'Kim Mã', 1, '', '2017-03-30 00:00:00', 6, 'Mèo'),
(2384, 'Mèo Long Biên lên Gaia', '2017-03-30 00:00:00', 0, NULL, 'Long Biên', 4, '', '2017-04-11 00:00:00', 6, 'Mèo'),
(2385, 'Mèo GBC ở đâu đó lên Hanvet', '2017-03-30 00:00:00', 0, NULL, 'không rõ', 4, '', '2017-04-30 00:00:00', 6, 'Mèo'),
(2386, 'Mèo foster nhặt được về nhà cô Ngân Hàng Chuối', '2017-03-30 00:00:00', 0, NULL, 'không rõ', 4, '07/04/17: mất', '2017-04-07 00:00:00', 6, 'Mèo'),
(2387, 'Mèo Thái Thịnh lên Văn Cao', '2017-03-30 00:00:00', 0, NULL, 'Thái Thịnh', 1, '', '2017-03-30 00:00:00', 6, 'Mèo'),
(2388, 'Chó Xuân Đỉnh lên Kim Ngưu', '2017-03-30 00:00:00', 0, NULL, 'Xuân Đỉnh', 1, '', '2017-03-30 00:00:00', 6, 'Chó'),
(2389, 'Mèo sữa Dương Quảng Hàm lên Gaia (còn 2)', '2017-03-30 00:00:00', 0, NULL, 'Dương Quảng Hàm', 1, '', '2017-03-30 00:00:00', 6, 'Mèo'),
(2390, 'đàn mèo sữa 3 đứa ở Long Biên lên Gaia', '2017-03-30 00:00:00', 0, NULL, 'Long Biên', 1, '', '2017-03-30 00:00:00', 6, 'Mèo'),
(2391, '2 mèo Mễ Trì Hạ về nhà chị Trần Hương', '2017-04-01 00:00:00', 0, NULL, 'Mễ Trì Hạ', 1, '', '2017-04-01 00:00:00', 6, 'Mèo'),
(2392, 'mèo bé GBC Đặng Văn Ngữ lên Hanvet', '2017-04-01 00:00:00', 0, NULL, 'Đặng Văn Ngữ ', 4, '', '2017-04-07 00:00:00', 4, 'Mèo'),
(2393, '3 mèo bé Phan Đình Phùng lên Kim Ngưu', '2017-04-01 00:00:00', 0, NULL, 'Phan Đình Phùng', 1, '', '2017-04-01 00:00:00', 4, 'Mèo'),
(2394, 'mèo hoang Thi Sách lên Kim Ngưu', '2017-04-01 00:00:00', 0, NULL, 'Thi Sách', 1, '', '2017-04-01 00:00:00', 4, 'Mèo'),
(2395, 'mèo lạc vàng trắng ở phố cổ lên 2F , rất yếu', '2017-04-01 00:00:00', 0, NULL, 'Phố Cổ', 4, '04/04/17: mất', '2017-04-04 00:00:00', 4, 'Mèo'),
(2396, 'mèo lạc tam thể lên 2F', '2017-04-01 00:00:00', 0, NULL, 'không rõ', 4, '', '2017-04-30 00:00:00', 4, 'Mèo'),
(2397, 'chó pu đồ nâu liệt lên 2F', '2017-04-01 00:00:00', 0, NULL, 'không rõ', 1, '', '2017-04-01 00:00:00', 4, 'Chó'),
(2398, 'Mèo Tô Ngọc Vân về nhà chung', '2017-04-03 00:00:00', 0, NULL, 'Tô Ngọc Vân', 4, '', '2017-04-11 00:00:00', 4, 'Mèo'),
(2399, 'Mèo Bạch Đằng lên Hanvet', '2017-04-03 00:00:00', 0, NULL, 'Bạch Đằng', 4, '', '2017-04-30 00:00:00', 6, 'Mèo'),
(2400, 'mèo sữa yếu Từ Liêm (mất luôn)', '2017-04-03 00:00:00', 0, NULL, 'Từ Liêm', 4, 'yếu, mất luôn chưa kịp lên viện', '2017-04-03 00:00:00', 6, 'Mèo'),
(2401, ' mèo dính keo lên Văn Cao', '2017-04-03 00:00:00', 0, NULL, 'không rõ', 1, '', '2017-04-03 00:00:00', 6, 'Mèo'),
(2402, 'mèo sữa nhận 06/04 về a Trung', '2017-04-06 00:00:00', 0, NULL, 'không rõ', 1, '', '2017-04-06 00:00:00', 6, 'Mèo'),
(2403, 'Mèo ALD tam thể ở Gaia bị sót case', '2017-04-07 00:00:00', 0, NULL, 'không rõ', 1, '', '2017-04-07 00:00:00', 6, 'Mèo'),
(2404, 'mèo lạc Hà Đông lên Hanvet', '2017-04-07 00:00:00', 0, NULL, 'Hà Đông', 4, '', '2017-04-30 00:00:00', 6, 'Mèo'),
(2405, 'Mèo Khâm Thiên lên Kim Ngưu', '2017-04-07 00:00:00', 0, NULL, 'Khâm Thiên', 4, '', '2017-04-30 00:00:00', 6, 'Mèo'),
(2406, 'Mèo Yên Lãng lên Văn Cao', '2017-04-06 00:00:00', 0, NULL, 'Yên Lãng', 4, '07/04/17: mất', '2017-04-07 00:00:00', 6, 'Mèo'),
(2407, 'Mèo Âu Cơ lên Gaia', '2017-04-06 00:00:00', 0, NULL, 'Âu Cơ', 4, '07/04/17: mất', '2017-04-07 00:00:00', 6, 'Mèo'),
(2408, ' Phốc lạc Tôn Đức Thắng lên Hanvet', '2017-04-01 00:00:00', 0, NULL, 'Tôn Đức Thắng', 4, '15/05/17: lạc', '2017-05-15 00:00:00', 6, 'Chó'),
(2409, 'Mèo Láng lên Văn Cao', '2017-04-08 00:00:00', 0, NULL, 'Láng', 4, '', '2017-04-30 00:00:00', 6, 'Mèo'),
(2410, 'Mèo ngã hộc máu mồm lên Hanvet', '2017-04-08 00:00:00', 0, NULL, 'không rõ', 1, '', '2017-04-08 00:00:00', 6, 'Mèo'),
(2411, 'Chó An Dương lên Gaia', '2017-04-08 00:00:00', 0, NULL, 'An Dương', 3, '', '2017-04-30 00:00:00', 6, 'Chó'),
(2412, 'Mèo Nguyễn Biểu lên 2F', '2017-04-08 00:00:00', 0, NULL, 'Nguyễn Biểu', 4, '', '2017-04-11 00:00:00', 6, 'Mèo'),
(2413, 'Mèo Long Biên lên Gaia', '2017-04-08 00:00:00', 0, NULL, 'Long Biên', 4, '', '2017-04-30 00:00:00', 6, 'Mèo'),
(2414, 'mèo 20 tuổi lên Hanvet', '2017-04-08 00:00:00', 0, NULL, 'không rõ', 3, '', '2017-04-30 00:00:00', 6, 'Mèo'),
(2415, 'mèo lạc Bà Triệu lên Kim Ngưu', '2017-04-08 00:00:00', 0, NULL, 'Bà Triệu', 1, '', '2017-04-08 00:00:00', 6, 'Mèo'),
(2416, 'Mèo bổ luống lên Kim Ngưu', '2017-04-08 00:00:00', 0, NULL, 'không rõ', 1, '', '2017-04-08 00:00:00', 6, 'Mèo'),
(2417, 'Bull mặt ngu lên HV', '2017-04-08 00:00:00', 0, NULL, 'không rõ', 1, '', '2017-04-08 00:00:00', 6, 'Chó'),
(2418, 'Mèo tam thể Âu Cơ lên 2F', '2017-04-08 00:00:00', 0, NULL, 'Âu Cơ', 4, '', '2017-04-30 00:00:00', 6, 'Mèo'),
(2419, 'Mèo Linh Đàm về chị Trần Hương', '2017-04-08 00:00:00', 0, NULL, 'Linh Đàm', 1, '', '2017-04-08 00:00:00', 6, 'Mèo'),
(2420, 'Mèo phố Vọng về nhà chị Trần Hương', '2017-04-08 00:00:00', 0, NULL, 'Phố Vọng', 1, '', '2017-04-08 00:00:00', 6, 'Mèo'),
(2421, 'Mèo cầu Nhật Tân lên Văn Cao', '2017-04-08 00:00:00', 0, NULL, 'Cầu Nhật Tân', 1, '', '2017-04-08 00:00:00', 6, 'Mèo'),
(2422, 'Chó Nghi Tàm lên Kim Ngưu', '2017-04-08 00:00:00', 0, NULL, 'Nghi Tàm', 4, '', '2017-04-30 00:00:00', 6, 'Chó'),
(2423, '3 mèo sữa lên Văn Cao ', '2017-04-08 00:00:00', 0, NULL, 'không rõ', 1, '', '2017-04-08 00:00:00', 6, 'Mèo'),
(2424, 'mèo Giải Phóng lên Hanvet, rất yếu', '2017-04-08 00:00:00', 0, NULL, 'Giải Phóng', 4, '', '2017-04-30 00:00:00', 6, 'Mèo'),
(2425, 'Mèo trúng độc Tây Sơn lên Kim Ngưu', '2017-04-11 00:00:00', 0, NULL, 'Tây Sơn', 4, '', '2017-04-30 00:00:00', 6, 'Mèo'),
(2426, 'Đàn 4 mèo về nhà chị Trần Hương', '2017-04-11 00:00:00', 0, NULL, 'không rõ', 1, '', '2017-04-11 00:00:00', 6, 'Mèo'),
(2427, 'Chó lạc Minh Khai về Kim Ngưu', '2017-04-11 00:00:00', 0, NULL, 'Minh Khai', 1, '', '2017-04-11 00:00:00', 6, 'Chó'),
(2428, 'Mèo chấn thương cột sống Thái Hà lên Hanvet', '2017-04-11 00:00:00', 0, NULL, 'Thái Hà', 1, '', '2017-04-11 00:00:00', 6, 'Mèo'),
(2429, '2 cục cứt Long Biên lên 2F, đục thuỷ tinh thể (còn 1)', '2017-04-11 00:00:00', 0, NULL, 'Long Biên', 1, '', '2017-04-11 00:00:00', 6, 'Mèo'),
(2430, 'Mèo yếu chân lên Kim Ngưu', '2017-04-11 00:00:00', 0, NULL, 'không rõ', 1, '', '2017-04-11 00:00:00', 6, 'Mèo'),
(2431, 'Mèo Thái Thịnh lên Hanvet', '2017-04-18 00:00:00', 0, NULL, 'Thái Thịnh', 4, '', '2017-05-15 00:00:00', 6, 'Mèo'),
(2432, 'Mèo Nguyễn Thái Học lên 2F', '2017-04-18 00:00:00', 0, NULL, 'Nguyễn Thái Học', 1, '', '2017-04-18 00:00:00', 6, 'Mèo'),
(2433, 'Mèo Phùng Khoang lên Gaia', '2017-04-18 00:00:00', 0, NULL, 'Phùng Khoang', 4, 'yếu, mất luôn trong ngày', '2017-04-18 00:00:00', 6, 'Mèo'),
(2434, 'Mèo GBC Thái Thịnh lên HV', '2017-04-18 00:00:00', 0, NULL, 'Thái Thịnh', 4, '', '2017-04-30 00:00:00', 6, 'Mèo'),
(2435, 'Chó Cầu Diễn lên Gaia', '2017-04-18 00:00:00', 0, NULL, 'Cầu Diễn', 4, '', '2017-04-30 00:00:00', 6, 'Chó'),
(2436, 'Mèo cầu Chương Dương lên Gaia', '2017-04-18 00:00:00', 0, NULL, 'Cầu Chương Dương', 4, 'yếu, mất luôn trong ngày', '2017-04-18 00:00:00', 6, 'Mèo'),
(2437, 'Mèo tai nạn Quan Nhân lên Văn Cao', '2017-04-18 00:00:00', 0, NULL, 'Quan Nhân', 4, '', '2017-04-30 00:00:00', 6, 'Mèo'),
(2438, '2 mèo Chùa Bộc lên Hanvet', '2017-04-18 00:00:00', 0, NULL, 'Chùa Bộc', 1, '', '2017-04-18 00:00:00', 6, 'Mèo'),
(2439, 'đàn mèo hoang 1 mẹ, 4 con c Hà nhận', '2017-04-18 00:00:00', 0, NULL, 'không rõ', 1, '', '2017-04-18 00:00:00', 6, 'Mèo'),
(2440, 'mèo bị rơi Thanh Xuân lên Hanvet', '2017-04-18 00:00:00', 0, NULL, 'Thanh Xuân', 1, '', '2017-04-18 00:00:00', 6, 'Mèo'),
(2441, 'mèo chột mắt Võ Thị Sáu lên Kim Ngưu', '2017-04-18 00:00:00', 0, NULL, 'Võ Thị Sáu', 1, '', '2017-04-18 00:00:00', 6, 'Mèo'),
(2442, 'Mèo Ngọc Khánh lên 2F', '2017-04-18 00:00:00', 0, NULL, 'Ngọc Khánh ', 4, '', '2017-05-24 00:00:00', 6, 'Mèo'),
(2443, 'Mẻ -Chó lòi dom Nguyễn Khoái lên Hanvet', '2017-04-23 00:00:00', 0, NULL, 'Nguyễn Khoái', 1, '', '2017-04-23 00:00:00', 6, 'Chó'),
(2444, 'Mèo Minh Khai lên Kim Ngưu', '2017-04-22 00:00:00', 0, NULL, 'Minh Khai', 4, '', '2017-04-23 00:00:00', 6, 'Mèo'),
(2445, 'Mèo Chùa Láng lên Văn Cao, bị gãy chân', '2017-04-23 00:00:00', 0, NULL, 'Chùa Láng', 1, '', '2017-04-23 00:00:00', 6, 'Mèo'),
(2446, 'Đàn mèo mẹ con bị chủ bỏ trên 2F, về nhà chị Hoa Phạm', '2017-04-23 00:00:00', 0, NULL, '2F Hoàng Hoa Thám', 1, '', '2017-04-23 00:00:00', 6, 'Mèo'),
(2447, 'đàn mèo sữa 4 đứa lên Gaia, mất 1 còn 3 về c Hoa Phạm', '2017-04-23 00:00:00', 0, NULL, 'không rõ', 4, '', '2017-04-30 00:00:00', 6, 'Mèo'),
(2448, 'Đàn mèo sữa Quan Nhân 3 đứa lên Gaia', '2017-04-23 00:00:00', 0, NULL, 'Quan Nhân', 1, '', '2017-04-23 00:00:00', 6, 'Mèo'),
(2449, 'Mèo lạc Tôn Thất Tùng lên Kim Ngưu', '2017-04-23 00:00:00', 0, NULL, 'Tôn Thất Tùng', 1, '', '2017-04-23 00:00:00', 6, 'Mèo'),
(2450, 'Mướp lạc tên Hạnh, về nhà chung', '2017-04-23 00:00:00', 0, NULL, 'không rõ', 1, '', '2017-04-23 00:00:00', 6, 'Mèo'),
(2451, 'Chó lạc Kim Mã về Kim Ngưu', '2017-04-23 00:00:00', 0, NULL, 'Kim Mã', 1, '', '2017-04-23 00:00:00', 6, 'Mèo'),
(2452, ' Chó care chủ vứt ở Cầu Diễn về nhà chị Trần Hương', '2017-04-23 00:00:00', 0, NULL, 'Cầu Diễn', 4, '', '2017-04-30 00:00:00', 6, 'Chó'),
(2453, 'Mèo lạc Vương Thừa Vũ lên Hanvet', '2017-04-23 00:00:00', 0, NULL, 'Vương Thừa Vũ', 1, '', '2017-04-23 00:00:00', 6, 'Mèo'),
(2454, ' Mèo lạc Kim Liên lên Kim Ngưu', '2017-04-23 00:00:00', 0, NULL, 'Kim Liên', 1, '', '2017-04-23 00:00:00', 6, 'Mèo'),
(2455, 'Chó tây nhặt ở đại lộ Thăng Long, lên Vietvet, bị pravo', '2017-04-23 00:00:00', 0, NULL, 'Đại lộ Thăng Long', 1, '', '2017-04-23 00:00:00', 6, 'Chó'),
(2456, 'mèo kẹt tường Lê Duẩn lên Kim Ngưu', '2017-04-23 00:00:00', 0, NULL, 'Lê Duẩn', 4, '', '2017-04-23 00:00:00', 6, 'Mèo'),
(2457, 'mèo yếu Hà Đông lên Văn Cao', '2017-04-23 00:00:00', 0, NULL, 'Hà Đông', 4, '', '2017-05-15 00:00:00', 6, 'Mèo'),
(2458, 'Chó già tên Gấu (tên cũ là Đen) lên Hanvet', '2017-04-25 00:00:00', 0, NULL, 'không rõ', 1, '', '2017-04-25 00:00:00', 6, 'Chó'),
(2459, 'Fox lạc Lê Quý Đôn về nhà chung', '2017-04-30 00:00:00', 0, NULL, 'Lê Quý Đôn', 4, '15/05/17: lạc', '2017-04-30 00:00:00', 6, 'Chó'),
(2460, 'Mèo Trương Định lên Kim Ngưu', '2017-04-30 00:00:00', 0, NULL, 'Trương Định', 1, '', '2017-04-30 00:00:00', 6, 'Mèo'),
(2461, 'Mèo Bắc Từ Liêm lên Kim Ngưu', '2017-04-30 00:00:00', 0, NULL, 'Bắc Từ Liêm', 1, '', '2017-04-30 00:00:00', 6, 'Mèo'),
(2462, 'Mèo hoang Tôn Thất Tùng lên Kim Ngưu', '2017-04-30 00:00:00', 0, NULL, 'Tôn Thất Tùng ', 1, '', '2017-04-30 00:00:00', 6, 'Mèo'),
(2463, 'Mèo cứa cổ Minh Khai lên Kim Ngưu', '2017-04-30 00:00:00', 0, NULL, 'Minh Khai', 4, '', '2017-05-15 00:00:00', 6, 'Mèo'),
(2464, 'Mèo Đông Ngạc lên Gaia', '2017-04-30 00:00:00', 0, NULL, 'Đông Ngạc ', 4, '', '2017-05-15 00:00:00', 6, 'Mèo'),
(2465, 'Mèo Hoàng Ngân lên 2F', '2017-04-30 00:00:00', 0, NULL, 'Hoàng Ngân', 1, '', '2017-04-30 00:00:00', 6, 'Mèo'),
(2466, 'mèo trắng 30/04 lên 2F', '2017-04-30 00:00:00', 0, NULL, 'không rõ', 1, '', '2017-04-30 00:00:00', 6, 'Mèo'),
(2467, 'Mèo Yên Phụ lên Gaia', '2017-04-30 00:00:00', 0, NULL, 'Yên Phụ', 4, '', '2017-05-15 00:00:00', 6, 'Mèo'),
(2468, 'Chó Tân Ấp lên Gaia', '2017-04-30 00:00:00', 0, NULL, 'Tân Ấp', 1, '', '2017-04-30 00:00:00', 6, 'Chó'),
(2469, 'Mèo lạc Đội Cấn lên Văn Cao', '2017-04-30 00:00:00', 0, NULL, 'Đội Cấn', 4, '', '2017-05-15 00:00:00', 6, 'Mèo'),
(2470, 'Mèo sữa Metro 2 đứa lên Gaia,3 đứa bú mèo mẹ', '2017-04-30 00:00:00', 0, NULL, 'Metro', 1, '', '2017-04-30 00:00:00', 6, 'Mèo'),
(2471, 'Mèo bầu thư viện Thương Mại về c Pham Huyen Chinh', '2017-04-30 00:00:00', 0, NULL, 'Thư viện ĐH Thương Mại', 1, '', '2017-04-30 00:00:00', 6, 'Mèo'),
(2472, 'Mèo Mỹ Đức lên Gaia, mất luôn hôm sau', '2017-04-30 00:00:00', 0, NULL, 'Mỹ Đức', 4, 'Yếu, mất luôn hôm sau', '2017-05-01 00:00:00', 6, 'Mèo'),
(2473, 'Chó Bùi Ngọc Dương lên Hanvet, mất luôn hôm sau', '2017-04-30 00:00:00', 0, NULL, 'Bùi Ngọc Dương ', 4, '', '2017-05-01 00:00:00', 6, 'Chó'),
(2474, 'Đàn mèo sữa Hà Đông lên Gaia (còn 1)', '2017-04-30 00:00:00', 0, NULL, 'Hà Đông', 1, '', '2017-04-30 00:00:00', 6, 'Mèo'),
(2475, 'Chó care về nhà chị Trần Hương, mất hôm sau', '2017-04-30 00:00:00', 0, NULL, 'không rõ', 4, '', '2017-05-01 00:00:00', 6, 'Chó'),
(2476, 'Chó Hồ Ngọc Khánh lên Văn Cao', '2017-04-30 00:00:00', 0, NULL, 'Hồ Ngọc Khánh', 3, '', '2017-06-18 00:00:00', 6, 'Chó'),
(2477, 'Mèo lòi dom lên Kim Ngưu mất luôn hôm sau', '2017-04-30 00:00:00', 0, NULL, 'không rõ', 4, '', '2017-05-01 00:00:00', 6, 'Mèo'),
(2478, 'Mèo gẫy chân lên Văn Cao, đang bó bột', '2017-04-30 00:00:00', 0, NULL, 'không rõ', 1, '', '2017-05-15 00:00:00', 6, 'Mèo'),
(2479, 'Mèo liệt tắc phân lên Kim Ngưu, mất hôm sau', '2017-04-30 00:00:00', 0, NULL, 'không rõ', 4, '', '2017-05-01 00:00:00', 6, 'Mèo'),
(2480, 'Mèo bị thương chảy máu miệng Bạch Mai lên Gaia', '2017-05-02 00:00:00', 0, NULL, 'Bạch Mai', 1, '', '2017-05-02 00:00:00', 6, 'Mèo'),
(2481, 'Chó lạc cầu Long Biên (đã có chủ đón)', '2017-05-02 00:00:00', 0, NULL, 'Long Biên', 3, '', '2017-05-02 00:00:00', 6, 'Chó'),
(2482, 'Mèo liệt Hà Đông về 335 Kim Ngưu', '2017-05-02 00:00:00', 0, NULL, 'Hà Đông', 4, '', '2017-05-15 00:00:00', 6, 'Mèo'),
(2483, 'Chó demodex Lê Trọng Tấn về Hanvet', '2017-05-02 00:00:00', 0, NULL, 'Lê Trọng Tấn ', 1, '', '2017-05-02 00:00:00', 6, 'Chó'),
(2484, 'Mèo Long Biên về nhà chị Hoa Phạm', '2017-05-02 00:00:00', 0, NULL, 'Long Biên', 3, '', '2017-06-12 00:00:00', 6, 'Mèo'),
(2485, 'Phốc lạc Chùa Láng lên Văn Cao', '2017-05-02 00:00:00', 0, NULL, 'Chùa Láng', 3, '', '2017-05-15 00:00:00', 6, 'Chó'),
(2486, ' mèo bầu tai nạn Thanh Xuân lên Kim Ngưu', '2017-05-02 00:00:00', 0, NULL, 'Thanh Xuân', 4, '', '2017-06-03 00:00:00', 6, 'Mèo'),
(2487, 'Mèo vàng mặt đần sót case về Thuy Dung Le', '2017-05-02 00:00:00', 0, NULL, 'không rõ', 1, '', '2017-05-05 00:00:00', 6, 'Mèo'),
(2488, 'mèo GBC sót case về HV', '2017-05-02 00:00:00', 0, NULL, 'không rõ', 1, '', '2017-05-02 00:00:00', 6, 'Mèo'),
(2489, 'Mèo trúng độc bị chủ bỏ ở Hanvet', '2017-05-02 00:00:00', 0, NULL, 'không rõ', 1, '', '2017-05-02 00:00:00', 6, 'Mèo'),
(2490, 'Mèo già chủ bỏ Cầu Giấy, đang ở nhà Huế Trần', '2017-05-02 00:00:00', 0, NULL, 'Cầu Giấy', 1, '', '2017-05-02 00:00:00', 6, 'Mèo'),
(2491, 'Mèo Kim Ngưu lên Kim Ngưu, phù hết nửa người, rất yếu', '2017-05-05 00:00:00', 0, NULL, 'Kim Ngưu', 4, '', '2017-05-15 00:00:00', 6, 'Mèo'),
(2492, '2 mèo sữa Hàng Da lên Gaia, mất 1 còn 1', '2017-05-05 00:00:00', 0, NULL, 'Hàng Da', 4, '', '2017-05-15 00:00:00', 6, 'Mèo'),
(2493, 'Đàn mèo trên mái nhà ở đâu đó lên Gaia', '2017-05-05 00:00:00', 0, NULL, 'không rõ', 1, '', '2017-05-05 00:00:00', 6, 'Mèo'),
(2494, 'Mèo liệt Nghĩa Tân lên Kim Ngưu', '2017-05-05 00:00:00', 0, NULL, 'Nghĩa Tân', 4, '', '2017-05-15 00:00:00', 6, 'Mèo'),
(2495, 'Chó Nguyễn Xiển lên Kim Ngưu', '2017-05-05 00:00:00', 0, NULL, 'Nguyễn Xiển', 4, '', '2017-05-21 00:00:00', 6, 'Chó'),
(2496, 'Chó xiêu thị lên Hanvet', '2017-05-05 00:00:00', 0, NULL, 'không rõ', 4, '', '2017-05-21 00:00:00', 6, 'Chó'),
(2497, 'Chó Nguyễn Khoái lên Gaia', '2017-05-06 00:00:00', 0, NULL, 'Nguyễn Khoái', 1, '', '2017-05-06 00:00:00', 6, 'Chó'),
(2498, 'Mèo hầm Kim Liên lên Văn Cao', '2017-05-06 00:00:00', 0, NULL, 'Kim Liên', 4, '', '2017-05-21 00:00:00', 6, 'Mèo'),
(2499, 'mèo Ngọc Hà về c Hà', '2017-05-06 00:00:00', 0, NULL, 'Ngọc Hà', 3, '', '2017-06-03 00:00:00', 6, 'Mèo'),
(2500, 'chó đen dây đỏ tai vểnh tai cụp Ngõ Văn Chương lên HV', '2017-05-06 00:00:00', 0, NULL, 'Ngõ Văn Chương', 3, '', '2017-05-15 00:00:00', 6, 'Chó'),
(2501, 'chó Nguyễn Thị Định về Gaia', '2017-05-06 00:00:00', 0, NULL, 'Nguyễn Thị Định', 3, '', '2017-05-21 00:00:00', 6, 'Chó'),
(2502, 'mèo chảy máu mồm Pháo Đài Láng lên Gaia', '2017-05-06 00:00:00', 0, NULL, 'Pháo Đài Láng', 3, '', '2017-05-24 00:00:00', 6, 'Mèo'),
(2503, 'Đàn 6 mèo Herpes lên HV  (còn 4)', '2017-05-06 00:00:00', 0, NULL, 'không rõ', 1, 'Bị herpes TT^TT', '2017-05-06 00:00:00', 6, 'Mèo'),
(2504, 'Mèo lạc Khâm Thiên lên Hanvet', '2017-05-14 00:00:00', 0, NULL, 'Khâm Thiên', 4, '', '2017-06-03 00:00:00', 6, 'Mèo'),
(2505, 'Mèo sữa Nhổn lên Văn Cao', '2017-05-14 00:00:00', 0, NULL, 'Nhổn', 1, '', '2017-05-14 00:00:00', 6, 'Mèo'),
(2506, '3 mèo Hà Đông lên Hanvet', '2017-05-14 00:00:00', 0, NULL, 'Hà Đông', 1, '', '2017-05-14 00:00:00', 6, 'Mèo'),
(2507, 'Mèo GBC Kim Ngưu lên Kim Ngưu', '2017-05-14 00:00:00', 0, NULL, 'Kim Ngưu', 4, 'yếu, mất luôn trong ngày', '2017-05-14 00:00:00', 6, 'Mèo');
INSERT INTO `animal` (`id`, `name`, `inputDate`, `age`, `description`, `address`, `status`, `note`, `change_status_date`, `created_by`, `type`) VALUES
(2508, 'Mèo nấm Hoàng Hoa Thám lên 2F', '2017-05-14 00:00:00', 0, NULL, 'Hoàng Hoa Thám', 1, '', '2017-05-14 00:00:00', 6, 'Mèo'),
(2509, 'Mèo tai nạn Quan Nhân lên Hanvet', '2017-05-14 00:00:00', 0, NULL, 'Quan Nhân', 1, '', '2017-05-14 00:00:00', 6, 'Mèo'),
(2510, 'Mèo lạc đường Láng lên Văn Cao', '2017-05-14 00:00:00', 0, NULL, 'Láng', 1, '', '2017-05-14 00:00:00', 6, 'Mèo'),
(2511, 'Mèo vàng gẫy chân lên Văn Cao', '2017-05-14 00:00:00', 0, NULL, 'không rõ', 1, '', '2017-05-14 00:00:00', 6, 'Mèo'),
(2512, 'Trịnh 28- Chó ghẻ Long Biên lên Gaia', '2017-05-14 00:00:00', 0, NULL, 'Long Biên', 1, '', '2017-05-14 00:00:00', 6, 'Chó'),
(2513, 'Mèo tắc phân suy kiệt Đặng Văn Ngữ lên Gaia', '2017-05-14 00:00:00', 0, NULL, 'Đặng Văn Ngữ', 4, '', '2017-05-21 00:00:00', 6, 'Mèo'),
(2514, 'Mèo suy kiệt Tây Sơn lên Hanvet', '2017-05-14 00:00:00', 0, NULL, 'Tây Sơn', 1, '', '2017-05-14 00:00:00', 6, 'Mèo'),
(2515, 'Poodle Trần Quý Cáp lên Gaia', '2017-05-14 00:00:00', 0, NULL, 'Trần Quý Cáp', 1, '', '2017-05-14 00:00:00', 6, 'Chó'),
(2516, 'mèo cầu Diễn lên Gaia', '2017-05-14 00:00:00', 0, NULL, 'Cầu Diễn', 4, '', '2017-05-24 00:00:00', 6, 'Mèo'),
(2517, 'mèo con bị rách cổ Trần Phú lên 2F', '2017-05-14 00:00:00', 0, NULL, 'Trần Phú', 4, '', '2017-06-03 00:00:00', 6, 'Mèo'),
(2518, 'mèo lạc trong kí túc ĐH Luật lên Văn Cao', '2017-05-14 00:00:00', 0, NULL, 'ĐH Luật', 3, '', '2017-05-21 00:00:00', 6, 'Mèo'),
(2519, 'Chó Cửa Bắc lên Gaia', '2017-05-14 00:00:00', 0, NULL, 'Cửa Bắc', 4, '', '2017-05-15 00:00:00', 6, 'Chó'),
(2520, 'Mèo gẫy chân Lò Đúc lên Kim Ngưu', '2017-05-21 00:00:00', 0, NULL, 'Lò Đúc', 1, 'Gẫy chân', '2017-05-21 00:00:00', 6, 'Mèo'),
(2521, 'Mèo hoang Tam Trinh lên Kim Ngưu', '2017-05-21 00:00:00', 0, NULL, 'Tam Trinh', 4, '', '2017-06-03 00:00:00', 6, 'Mèo'),
(2522, 'Đàn mèo sữa Võ Thị Sáu lên Kim Ngưu', '2017-05-21 00:00:00', 0, NULL, 'Võ Thị Sáu', 1, '', '2017-05-21 00:00:00', 6, 'Mèo'),
(2523, 'Chó Nghĩa Tân lên Kim Ngưu', '2017-05-21 00:00:00', 0, NULL, 'Nghĩa Tân', 1, '', '2017-05-21 00:00:00', 6, 'Chó'),
(2524, 'mèo c Ngọc nhận 21/05 lên Hanvet', '2017-05-21 00:00:00', 0, NULL, 'không rõ', 4, '', '2017-06-03 00:00:00', 6, 'Mèo'),
(2525, 'Trịnh 29 -phốc ghẻ lên Hanvet', '2017-05-21 00:00:00', 0, NULL, 'không rõ', 1, '', '2017-05-21 00:00:00', 6, 'Chó'),
(2526, 'Trịnh 30- Chó ghẻ Long Biên lên Gaia', '2017-05-21 00:00:00', 0, NULL, 'Long Biên', 4, '', '2017-05-26 00:00:00', 6, 'Chó'),
(2527, 'Chó tai nạn Võ Chí Công lên Gaia', '2017-05-21 00:00:00', 0, NULL, 'Võ Chí Công', 1, '', '2017-05-21 00:00:00', 6, 'Chó'),
(2528, 'Mèo lạc Hoàng Hoa Thám lên Gaia', '2017-05-21 00:00:00', 0, NULL, 'Hoàng Hoa Thám', 1, '', '2017-05-21 00:00:00', 6, 'Mèo'),
(2529, 'Mèo trắng lưng vàng lên HV', '2017-05-21 00:00:00', 0, NULL, 'không rõ', 1, '', '2017-05-21 00:00:00', 6, 'Mèo'),
(2530, 'Chó Giảng Võ lên Kim Ngưu', '2017-05-21 00:00:00', 0, NULL, 'Giảng Võ', 1, '', '2017-05-21 00:00:00', 6, 'Chó'),
(2531, 'Mèo GBC lên Hanvet', '2017-05-21 00:00:00', 0, NULL, 'không rõ', 4, 'GBC', '2017-06-03 00:00:00', 6, 'Mèo'),
(2532, 'Chó phốc nấm Hào Nam lên Văn Cao', '2017-05-21 00:00:00', 0, NULL, 'Hào Nam', 1, '', '2017-05-21 00:00:00', 6, 'Chó'),
(2533, 'Mèo Vĩnh Hưng về nhà chị Trần Hương', '2017-05-21 00:00:00', 0, NULL, 'Vĩnh Hưng', 1, '', '2017-05-21 00:00:00', 6, 'Mèo'),
(2534, 'mèo khỏi GBC bị chủ bỏ trên 2F về nhà chị Vũ Khúc', '2017-05-21 00:00:00', 0, NULL, 'Hoàng Hoa Thám', 1, '', '2017-05-21 00:00:00', 6, 'Mèo'),
(2535, 'Mèo lạc Đặng Tiến Đông lên Hanvet', '2017-05-24 00:00:00', 0, NULL, 'Đặng Tiến Đông ', 1, '', '2017-05-24 00:00:00', 4, 'Mèo'),
(2536, 'Mèo phố Huế lên Gaia', '2017-05-24 00:00:00', 0, NULL, 'Phố Huế', 1, '', '2017-05-24 00:00:00', 4, 'Mèo'),
(2537, 'Chó Kim Ngưu lên Kim Ngưu, viêm sụn tai', '2017-05-24 00:00:00', 0, NULL, 'Kim Ngưu', 1, '', '2017-05-24 00:00:00', 4, 'Chó'),
(2538, 'Mèo Phạm Đình Hổ lên Kim Ngưu', '2017-05-24 00:00:00', 0, NULL, 'Phạm Đình Hổ', 3, '', '2017-06-03 00:00:00', 4, 'Mèo'),
(2539, 'Mèo Nam Đồng lên Hanvet', '2017-05-24 00:00:00', 0, NULL, 'Nam Đồng', 1, '', '2017-05-24 00:00:00', 4, 'Mèo'),
(2540, 'Mèo tai nạn lên Gaia', '2017-05-24 00:00:00', 0, NULL, 'không rõ', 1, '', '2017-05-24 00:00:00', 4, 'Mèo'),
(2541, 'Mèo xe đâm lên Kim Ngưu, mất luôn trong ngày', '2017-05-24 00:00:00', 0, NULL, 'không rõ', 4, '', '2017-05-24 00:00:00', 4, 'Mèo'),
(2542, 'mèo mướp vàng Thiên Đường Bảo Sơn lên Văn Cao', '2017-05-24 00:00:00', 0, NULL, 'Thiên đường Bảo Sơn', 1, '', '2017-05-24 00:00:00', 4, 'Mèo'),
(2543, 'Chùa- Chó lạc Đông Các lên Kim Ngưu', '2017-05-25 00:00:00', 0, NULL, 'Đông Các', 1, '', '2017-05-25 00:00:00', 6, 'Chó'),
(2544, 'Mèo vàng trắng GBC sót case về Nguyễn Hươngg', '2017-03-26 00:00:00', 0, NULL, 'không rõ', 1, '27/06/17: chủ trả lại', '2017-06-27 00:00:00', 6, 'Mèo'),
(2545, 'Mèo đi ỉa Khâm Thiên lên Hanvet', '2017-05-25 00:00:00', 0, NULL, 'Khâm Thiên', 4, '', '2017-06-03 00:00:00', 6, 'Mèo'),
(2546, 'Mèo nấm Thi Sách lên Gaia', '2017-05-25 00:00:00', 0, NULL, 'Thi Sách', 1, '', '2017-05-25 00:00:00', 6, 'Mèo'),
(2547, 'Mèo dốc Thọ Lão lên 2F', '2017-05-25 00:00:00', 0, NULL, 'Thọ Lão', 1, '', '2017-05-25 00:00:00', 6, 'Mèo'),
(2548, 'Mèo lạc Linh Đàm lên Hanvet', '2017-05-25 00:00:00', 0, NULL, 'Linh Đàm', 1, '', '2017-05-25 00:00:00', 6, 'Mèo'),
(2549, 'Mèo Long Biên lên Gaia', '2017-05-25 00:00:00', 0, NULL, 'Long Biên', 1, '', '2017-05-25 00:00:00', 6, 'Mèo'),
(2550, 'Mèo mướp lên Gaia', '2017-05-25 00:00:00', 0, NULL, 'không rõ', 1, '', '2017-05-25 00:00:00', 6, 'Mèo'),
(2551, 'Mèo sữa lên Văn Cao', '2017-05-25 00:00:00', 0, NULL, 'không rõ', 4, '', '2017-06-03 00:00:00', 6, 'Mèo'),
(2552, 'Mèo An Trạch lên Văn Cao', '2017-05-25 00:00:00', 0, NULL, 'An Trạch', 1, '', '2017-05-25 00:00:00', 6, 'Mèo'),
(2553, 'Mèo sữa Trần Duy Hưng lên Văn Cao', '2017-05-25 00:00:00', 0, NULL, 'Trần Duy Hưng', 1, '', '2017-05-25 00:00:00', 6, 'Mèo'),
(2554, 'Mèo lạc Trần Nguyên Hãn lên Gaia', '2017-05-25 00:00:00', 0, NULL, 'Trần Nguyên Hãn ', 1, '', '2017-05-25 00:00:00', 6, 'Mèo'),
(2555, 'Mèo u trĩ Hàng Gai lên 2F', '2017-05-25 00:00:00', 0, NULL, 'Hàng Gai', 4, 'tiên lượng xấu', '2017-06-03 00:00:00', 6, 'Mèo'),
(2556, '2 chó con bị vứt ở sông Tô Lịch lên Gaia', '2017-05-25 00:00:00', 0, NULL, 'sông Tô Lịch', 1, '', '2017-05-25 00:00:00', 6, 'Chó'),
(2557, 'Mèo liệt bị chủ bỏ ở Hanvet', '2017-06-03 00:00:00', 0, NULL, 'không rõ', 1, '', '2017-06-03 00:00:00', 6, 'Mèo'),
(2558, 'Húc - chó vẹo cột sống Tây Hồ lên Gaia', '2017-06-03 00:00:00', 0, NULL, 'Tây Hồ', 1, '', '2017-06-03 00:00:00', 6, 'Chó'),
(2559, 'Mèo Trần Cung lên Văn Cao', '2017-06-03 00:00:00', 0, NULL, 'Trần Cung', 1, '', '2017-06-03 00:00:00', 6, 'Mèo'),
(2560, 'Mèo Minh Khai lên Kim Ngưu', '2017-06-03 00:00:00', 0, NULL, 'Minh Khai', 1, '', '2017-06-03 00:00:00', 6, 'Mèo'),
(2561, 'Mèo Khâm Thiên lên Kim Ngưu', '2017-06-03 00:00:00', 0, NULL, 'Khâm Thiên', 1, '', '2017-06-03 00:00:00', 6, 'Mèo'),
(2562, 'Phốc liệt lên Hanvet', '2017-06-03 00:00:00', 0, NULL, 'không rõ', 1, '', '2017-06-03 00:00:00', 6, 'Chó'),
(2563, 'Mèo Trần Quốc Hoàn về nhà Sunpham', '2017-06-03 00:00:00', 0, NULL, 'Trần Quốc Hoàn', 1, '', '2017-06-03 00:00:00', 6, 'Mèo'),
(2564, 'Mèo Cầu Giấy lên Văn Cao', '2017-06-03 00:00:00', 0, NULL, 'Cầu Giấy', 1, '', '2017-06-03 00:00:00', 6, 'Mèo'),
(2565, '2 mèo sữa Khương Trung lên Hanvet', '2017-06-03 00:00:00', 0, NULL, 'Khương Trung', 1, ' về nhà Lavie rồi phát GBC lên 2F', '2017-06-03 00:00:00', 6, 'Mèo'),
(2566, 'Mèo Bà Triệu lên Kim Ngưu', '2017-06-03 00:00:00', 0, NULL, 'Bà Triệu', 1, '', '2017-06-03 00:00:00', 6, 'Mèo'),
(2567, 'Mèo Tây Hồ lên Gaia', '2017-06-03 00:00:00', 0, NULL, 'Tầy Hồ', 1, '', '2017-06-03 00:00:00', 6, 'Mèo'),
(2568, '2 mèo Hoàng Hoa Thám lên 2F', '2017-06-03 00:00:00', 0, NULL, 'Hoàng Hoa Thám', 4, 'yếu, đã mất', '2017-06-03 00:00:00', 6, 'Mèo'),
(2569, '1 mèo trắng nào đó lên Hanvet', '2017-06-03 00:00:00', 0, NULL, 'không rõ', 1, '', '2017-06-03 00:00:00', 6, 'Mèo'),
(2570, 'mèo GBC lên Kim Ngưu', '2017-06-03 00:00:00', 0, NULL, 'không rõ', 1, '', '2017-06-03 00:00:00', 6, 'Mèo'),
(2571, 'Chó lạc Lý Thái Tổ lên 2F', '2017-06-03 00:00:00', 0, NULL, 'Lý Thái Tổ', 1, '', '2017-06-03 00:00:00', 6, 'Chó'),
(2572, 'Bầu đồi mồi về c Thuy Dung Le', '2017-06-03 00:00:00', 0, NULL, 'không rõ', 1, '', '2017-06-03 00:00:00', 6, 'Mèo'),
(2573, 'Mèo sữa lên Văn Cao c Hà nhận', '2017-06-11 00:00:00', 0, NULL, 'không rõ', 1, '', '2017-06-11 00:00:00', 6, 'Mèo'),
(2574, 'Mèo Cầu Giấy lên Văn Cao', '2017-06-11 00:00:00', 0, NULL, 'Cầu Giấy', 1, '', '2017-06-11 00:00:00', 6, 'Mèo'),
(2575, 'Mèo liệt Hoàng Mai lên Kim Ngưu', '2017-06-11 00:00:00', 0, NULL, 'Hoàng Mai', 1, '', '2017-06-11 00:00:00', 6, 'Mèo'),
(2576, 'Chó phốc lạc Nam Trung Yên lên Hanvet', '2017-06-11 00:00:00', 0, NULL, 'Nam Trung Yên', 1, '', '2017-06-11 00:00:00', 6, 'Chó'),
(2577, 'Mèo gẫy chân Hoàng Mai lên Hanvet', '2017-06-11 00:00:00', 0, NULL, 'Hoàng Mai', 1, '', '2017-06-11 00:00:00', 6, 'Mèo'),
(2578, 'Chó lạc lên Hanvet', '2017-06-11 00:00:00', 0, NULL, 'không rõ', 1, '', '2017-06-11 00:00:00', 6, 'Chó'),
(2579, 'Mèo Âu Cơ lên Gaia', '2017-06-11 00:00:00', 0, NULL, 'Âu Cơ', 1, '', '2017-06-11 00:00:00', 6, 'Mèo'),
(2580, ' mèo rách bụng lên Hanvet', '2017-06-11 00:00:00', 0, NULL, 'không rõ', 1, '', '2017-06-11 00:00:00', 6, 'Mèo'),
(2581, 'Mèo lạc lên Hanvet, đã về fos Ame Chan', '2017-06-11 00:00:00', 0, NULL, 'không rõ', 1, '', '2017-06-11 00:00:00', 6, 'Mèo'),
(2582, 'Mèo Long Biên lên Gaia về fos Thảo', '2017-06-11 00:00:00', 0, NULL, 'Long Biên', 1, '', '2017-06-11 00:00:00', 6, 'Mèo'),
(2583, 'Chó Đông Anh lên Gaia', '2017-06-11 00:00:00', 0, NULL, 'Đông Anh', 1, '', '2017-06-11 00:00:00', 6, 'Chó'),
(2584, 'Chó Nguyễn Tuân lên Văn Cao, đã mất', '2017-06-11 00:00:00', 0, NULL, 'Nguyễn Tuân', 4, '', '2017-06-11 00:00:00', 6, 'Chó'),
(2585, 'Mèo Linh Đàm lên Hanvet, phát GBC đã mất', '2017-06-11 00:00:00', 0, NULL, 'Linh Đàm', 4, '', '2017-06-11 00:00:00', 6, 'Mèo'),
(2586, 'Mèo tai nạn Bạch Mai lên Hanvet', '2017-06-12 00:00:00', 0, NULL, 'Bạch Mai', 1, '', '2017-06-12 00:00:00', 4, 'Mèo'),
(2587, 'Mèo Lê Duẩn lên Văn Cao', '2017-06-12 00:00:00', 0, NULL, 'Lê Duẩn', 1, '', '2017-06-12 00:00:00', 4, 'Mèo'),
(2588, 'Mèo chân yếu Thái Hà lên HV', '2017-07-02 00:00:00', 0, NULL, 'Thái Hà', 1, '', '2017-07-02 00:00:00', 4, 'Mèo'),
(2589, 'Chó bị câu hụt Ngọc Hà lên Gaia', '2017-07-02 00:00:00', 0, NULL, 'Ngọc Hà', 1, '', '2017-07-02 00:00:00', 6, 'Chó'),
(2590, 'Mèo Phạm Văn Đồng lên Văn Cao', '2017-07-02 00:00:00', 0, NULL, 'Phạm Văn Đồng', 1, '', '2017-07-02 00:00:00', 6, 'Chó'),
(2591, 'Mèo Time City lên Kim Ngưu', '2017-07-02 00:00:00', 0, NULL, 'Time City', 1, '', '2017-07-02 00:00:00', 6, 'Mèo'),
(2592, 'Mèo cụt chân nổ mắt Hà Đông lên Hanvet', '2017-07-02 00:00:00', 0, NULL, 'Hà Đông', 1, '', '2017-07-02 00:00:00', 6, 'Mèo'),
(2593, 'Chó lạc chùa Vua lên Kim Ngưu', '2017-07-02 00:00:00', 0, NULL, 'Chùa Vua', 1, '', '2017-07-02 00:00:00', 6, 'Chó'),
(2594, 'Mèo hoang bầu Bách Khoa lên Kim Ngưu, đã mổ đẻ', '2017-07-02 00:00:00', 0, NULL, 'Bách Khoa', 1, '', '2017-07-02 00:00:00', 6, 'Mèo'),
(2595, 'Mèo con tuxedo vàng lên 2F', '2017-07-02 00:00:00', 0, NULL, 'không rõ', 1, '', '2017-07-02 00:00:00', 6, 'Mèo'),
(2596, 'Chó lạc đâu đó lên Kim Ngưu, đang chữa pravo', '2017-07-02 00:00:00', 0, NULL, 'Kim Ngưu', 1, '', '2017-07-02 00:00:00', 6, 'Chó'),
(2597, 'Chó già ghẻ về nhà chị Trần Hương', '2017-07-02 00:00:00', 0, NULL, 'không rõ', 1, '', '2017-07-02 00:00:00', 6, 'Chó'),
(2598, 'Mèo hoang suy kiệt Hà Đông lên Kim Ngưu', '2017-07-02 00:00:00', 0, NULL, 'Hà Đông', 1, '', '2017-07-02 00:00:00', 6, 'Mèo'),
(2599, 'Mèo hoang gầy lên Kim Ngưu', '2017-07-02 00:00:00', 0, NULL, 'Không rõ', 1, '', '2017-07-02 00:00:00', 6, 'Mèo'),
(2600, 'Mèo gẫy chân lên Hanvet', '2017-07-02 00:00:00', 0, NULL, 'không rõ', 1, '', '2017-07-02 00:00:00', 6, 'Mèo');

-- --------------------------------------------------------

--
-- Table structure for table `animal_condition`
--

CREATE TABLE `animal_condition` (
  `id` int(11) NOT NULL,
  `animal_id` int(11) NOT NULL,
  `condition_id` int(11) NOT NULL
) ENGINE=InnoDB DEFAULT CHARSET=utf8 COLLATE=utf8_bin;

--
-- Dumping data for table `animal_condition`
--

INSERT INTO `animal_condition` (`id`, `animal_id`, `condition_id`) VALUES
(3, 2, 3),
(5, 2172, 2),
(7, 2173, 1),
(8, 2174, 3),
(10, 2175, 1),
(12, 2176, 1),
(14, 2201, 1),
(15, 2202, 1),
(16, 2203, 3),
(18, 2227, 2),
(21, 2317, 4),
(23, 2319, 1),
(24, 2322, 5),
(25, 2288, 2),
(26, 2275, 4),
(27, 2315, 1),
(28, 2276, 4),
(29, 2150, 1),
(30, 2170, 1),
(31, 2151, 1),
(33, 2181, 1),
(34, 2206, 1),
(35, 2156, 4),
(36, 2142, 1),
(37, 2136, 1),
(38, 2345, 4),
(40, 2321, 4),
(41, 2314, 1),
(42, 2354, 1),
(43, 2352, 5),
(44, 2395, 5),
(45, 2392, 5),
(46, 2386, 1),
(47, 2376, 5),
(48, 2204, 1),
(49, 2448, 4),
(51, 2492, 4),
(52, 2318, 1),
(53, 2476, 1);

-- --------------------------------------------------------

--
-- Table structure for table `animal_foster`
--

CREATE TABLE `animal_foster` (
  `id` int(11) NOT NULL,
  `animal_id` int(11) DEFAULT NULL,
  `foster_id` int(11) DEFAULT NULL,
  `input_date` datetime DEFAULT NULL,
  `output_date` datetime DEFAULT NULL,
  `note` text COLLATE utf8_bin
) ENGINE=InnoDB DEFAULT CHARSET=utf8 COLLATE=utf8_bin;

--
-- Dumping data for table `animal_foster`
--

INSERT INTO `animal_foster` (`id`, `animal_id`, `foster_id`, `input_date`, `output_date`, `note`) VALUES
(4, 2, 7, '2017-01-07 00:00:00', NULL, '07/01/17: về c Trần Hương'),
(5, 2127, 45, '2017-01-13 00:00:00', '2017-02-06 00:00:00', '13/01/17: về fos Thanh Nhàn\r\n'),
(6, 2127, 2, '2017-02-07 00:00:00', '2017-03-13 00:00:00', '07/02/17: về nhà chung\r\n13/03/17: mất'),
(7, 2130, 13, '2017-02-07 00:00:00', NULL, '07/02/17: về c Lavie'),
(8, 2134, 52, '2017-01-13 00:00:00', '2017-01-17 00:00:00', '13/01/17: về Ha Dinh'),
(9, 2135, 2, '2017-01-13 00:00:00', '2017-03-13 00:00:00', '13/01/17: về nhà chung\r\n'),
(10, 2136, 45, '2017-01-13 00:00:00', NULL, '13/01/17: về Thanh Nhàn'),
(11, 2137, 46, '2017-01-06 00:00:00', '2017-04-28 00:00:00', '06/01/17: về Niệm Bắc'),
(12, 2142, 2, '2017-01-12 00:00:00', '2017-03-05 00:00:00', '12/01/17: về nhà chung\r\n05/03/17: có chủ'),
(13, 2144, 13, '2017-01-30 00:00:00', '2017-02-05 00:00:00', 'hôm nào đó từ Văn Cao về c Lavie (chém bừa 30/01/17)\r\n'),
(14, 2146, 2, '2017-01-12 00:00:00', '2017-01-13 00:00:00', '12/01/17: về nhà chung'),
(15, 2150, 2, '2017-02-07 00:00:00', NULL, '07/02/17: về nhà chung'),
(16, 2151, 2, '2017-02-07 00:00:00', NULL, '07/02/17: về nhà chung'),
(17, 2152, 7, '2017-02-07 00:00:00', '2017-02-23 00:00:00', '07/02/17: về c Trần Hương\r\n23/02/17: mất'),
(18, 2153, 10, '2017-02-07 00:00:00', NULL, '07/02/17: về fos tây ở Đặng Thai Mai'),
(19, 2154, 53, '2017-01-17 00:00:00', '2017-02-07 00:00:00', '17/01/17: Về Thu Hà Trần\r\n07/02/17: mất'),
(20, 2155, 37, '2017-01-12 00:00:00', '2017-02-07 00:00:00', '12/01/17: về Phạm Ngân, mất 1 còn 1\r\n07/02/17: mất'),
(21, 2156, 54, '2017-01-25 00:00:00', '2017-02-24 00:00:00', 'nhận case về c Dung\r\n'),
(22, 2157, 2, '2017-02-07 00:00:00', '2017-03-05 00:00:00', '07/02/17: về nhà chung\r\n05/03/17: mất'),
(23, 2159, 39, '2017-01-22 00:00:00', '2017-02-02 00:00:00', 'về c Phương Fade hôm nào đấy @@~'),
(24, 2159, 39, '2017-02-07 00:00:00', '2017-03-24 00:00:00', '07/02/17: khỏi GBC, về c Fade\r\n24/03/17: chủ đón\r\nCao Mỹ Linh. \r\nNhà em ở tòa N07 b2 khu đô thị Dịch Vọng Cầu giấy. \r\nHiện tại em là sinh viên năm 2 trường ĐH Kinh tế, ĐHQG\r\n0977696390\r\nhttps://www.facebook.com/linhmycao171'),
(25, 2161, 2, '2017-02-23 00:00:00', '2017-03-14 00:00:00', '23/02/17: về nhà chung'),
(26, 2162, 2, '2017-02-07 00:00:00', NULL, '07/02/17: về nhà chung'),
(27, 2165, 7, '2017-02-03 00:00:00', '2017-02-06 00:00:00', '03/02/17: về c Hương Trần'),
(28, 2165, 47, '2017-02-07 00:00:00', '2017-03-14 00:00:00', '07/02/17: về Phùng Minh Thái\r\n14/03/17: có chủ'),
(29, 2166, 2, '2017-02-02 00:00:00', '2017-02-07 00:00:00', 'về nhà chung hôm nào đó\r\n07/02/17: mất'),
(30, 2167, 33, '2017-01-25 00:00:00', '2017-02-02 00:00:00', '25/01/17: về c Hà '),
(31, 2170, 2, '2017-02-07 00:00:00', NULL, '07/02/17: về nhà chung'),
(32, 2171, 2, '2017-02-07 00:00:00', '2017-03-05 00:00:00', '07/02/17: về nhà chung\r\n05/03/17: mất'),
(34, 2173, 2, '2017-02-06 00:00:00', '2017-02-07 00:00:00', '06/02/17: về nhà chung'),
(37, 2176, 2, '2017-01-25 00:00:00', NULL, 'nhận case về nhà chung'),
(38, 2178, 47, '2017-02-07 00:00:00', NULL, '07/02/17: về Phùng Minh Thái'),
(39, 2181, 2, '2017-01-25 00:00:00', NULL, 'nhận case về nhà chung\r\n02/02/17: tiêm vacxin\r\n28/02/17: có chủ'),
(43, 2186, 47, '2017-02-07 00:00:00', NULL, '07/02/17: về Phùng Minh Thái'),
(44, 2185, 2, '2017-01-29 00:00:00', '2017-02-07 00:00:00', '29/02/17: về nhà chung'),
(45, 2188, 2, '2017-02-03 00:00:00', NULL, '03/02/17: về nhà chung'),
(46, 2190, 2, '2017-01-30 00:00:00', '2017-02-07 00:00:00', '30/01/17: về nhà chung\r\n07/02/17: mất'),
(47, 2192, 7, '2017-02-22 00:00:00', '2017-02-23 00:00:00', '22/02/17: về c Trần Hương\r\n23/02/17: có chủ'),
(48, 2193, 48, '2017-02-22 00:00:00', '2017-03-14 00:00:00', '22/02/17: về Thủy Phù Dung'),
(49, 2195, 2, '2017-01-29 00:00:00', NULL, 'nhận case về nhà chung\r\n04/02/17: tiêm vacxin mũi 1'),
(50, 2197, 2, '2017-01-31 00:00:00', '2017-02-04 00:00:00', '31/01/17: về nhà chung'),
(51, 2197, 56, '2017-02-04 00:00:00', '2017-02-22 00:00:00', '04/02/17: về c Minh Yến\r\n22/02/17: mất'),
(52, 2199, 2, '2017-02-03 00:00:00', '2017-04-27 00:00:00', '03/02/17: về nhà chung\r\n31/01/17: tiêm vacxin mũi 1\r\n27/04/17: có chủ (Liên Chu Hà)'),
(53, 2200, 2, '2017-02-02 00:00:00', '2017-02-07 00:00:00', '02/02/17: về nhà chung\r\n07/02/17: có chủ'),
(54, 2201, 35, '2017-02-07 00:00:00', NULL, '07/02/17: về Nguyễn Hươgg'),
(55, 2202, 2, '2017-02-07 00:00:00', '2017-02-23 00:00:00', '07/02/17: về nhà chung\r\n23/02/17: mất'),
(56, 2204, 39, '2017-02-07 00:00:00', '2017-04-11 00:00:00', '07/02/17: về c Fade Phương'),
(57, 2206, 2, '2017-02-02 00:00:00', NULL, '02/02/17: về nhà chung\r\n22/02/17: có chủ\r\nđã đón 21/2/2017\r\nChi Nguyen \r\nPhòng 502, nhà A2 khu tập thể hồ Ngọc Khánh, Ba Đình, Hà Nội\r\nhttps://www.facebook.com/Cute.cute.baby\r\n0915010587'),
(58, 2207, 26, '2017-02-07 00:00:00', '2017-02-23 00:00:00', '07/02/17: 1 đứa về Sunpham  (1 đứa phát GBC, lên AC)\r\n23/02/17: mất'),
(59, 2211, 5, '2017-02-07 00:00:00', '2017-02-22 00:00:00', '07/02/17: về c Hoa Phạm'),
(60, 2211, 2, '2017-02-22 00:00:00', '2017-03-20 00:00:00', '22/02/17: về nhà chung\r\n20/03/17: có chủ đón\r\nHoàng Minh Ngọc \r\n26 Nguyễn Chánh, Trung Hoà, Cầu Giấy.\r\nSđt: 0938618988\r\nhttps://www.facebook.com/minhngoc.hoang.94'),
(61, 2212, 10, '2017-02-22 00:00:00', NULL, '22/02/17: về fos tây'),
(63, 2213, 10, '2017-02-03 00:00:00', NULL, '03/02/17: về fos tây ở 75 Nhật Chiêu, Tây Hồ'),
(64, 2215, 7, '2017-02-03 00:00:00', '2017-02-07 00:00:00', 'nhận case về c Trần Hương'),
(65, 2215, 10, '2017-02-07 00:00:00', NULL, '07/02/17: về fos Claire ở 284 Nghi Tàm\r\n22/02/17: sinh 4 đứa'),
(66, 2218, 7, '2017-02-04 00:00:00', '2017-02-07 00:00:00', 'nhận case về c Hương\r\n07/02/17: mất'),
(67, 2219, 35, '2017-02-07 00:00:00', '2017-02-23 00:00:00', '07/02/17: về Nguyễn Hương'),
(68, 2219, 2, '2017-02-23 00:00:00', '2017-04-30 00:00:00', '23/02/17: về nhà chung'),
(69, 2220, 10, '2017-02-23 00:00:00', NULL, '23/02/17: về fos tây'),
(70, 2222, 5, '2017-02-23 00:00:00', '2017-03-14 00:00:00', '23/02/17: còn 1 đứa sống, về c Hoa Phạm'),
(71, 2223, 10, '2017-02-22 00:00:00', '2017-02-22 00:00:00', '22/02/17: update về fos Anna Dang từ hôm nào đó'),
(72, 2225, 35, '2017-02-05 00:00:00', '2017-02-22 00:00:00', 'nhận case về Nguyễn Hương\r\n22/02/17: mất'),
(73, 2226, 49, '2017-02-23 00:00:00', '2017-03-11 00:00:00', '23/02/17: về Hà Phạm'),
(74, 2228, 33, '2017-02-06 00:00:00', NULL, '06/02/17: về c Hà'),
(75, 2229, 7, '2017-02-23 00:00:00', NULL, '23/02/17: về c Trần Hương'),
(76, 2230, 2, '2017-02-22 00:00:00', '2017-04-30 00:00:00', '22/02/17: về nhà chung'),
(77, 2232, 7, '2017-02-06 00:00:00', '2017-02-22 00:00:00', 'nhận case về c Hương\r\n22/02/17: mất'),
(78, 2241, 7, '2017-03-05 00:00:00', NULL, '05/03/17: về c Hương'),
(79, 2244, 50, '2017-02-23 00:00:00', NULL, '23/02/17: về Khô Nai'),
(80, 2245, 10, '2017-02-15 00:00:00', '2017-02-20 00:00:00', 'về fos tây hôm nào đấy'),
(81, 2246, 10, '2017-02-13 00:00:00', '2017-02-23 00:00:00', 'về fos tây hôm nào đấy, ốm xong lên Gaia'),
(82, 2246, 10, '2017-03-05 00:00:00', '2017-03-20 00:00:00', '05/03/17: khỏi ốm, lại về fos tây'),
(83, 2249, 7, '2017-02-23 00:00:00', NULL, '23/02/17: về c Hương'),
(84, 2252, 2, '2017-02-21 00:00:00', '2017-03-05 00:00:00', 'về nhà chung từ hôm nào đấy, xong nôn nhiều cho lên 2F'),
(85, 2255, 2, '2017-03-05 00:00:00', '2017-03-05 00:00:00', '05/03/17: về nhà chung'),
(86, 2256, 30, '2017-02-22 00:00:00', '2017-03-05 00:00:00', '22/02/17: về cô Ngân\r\n05/03/17: mất'),
(87, 2261, 7, '2017-03-05 00:00:00', NULL, '05/03/17: về c Hương'),
(88, 2262, 56, '2017-02-15 00:00:00', '2017-01-22 00:00:00', 'nhận case về c Yến'),
(89, 2262, 2, '2017-02-24 00:00:00', '2017-03-05 00:00:00', '24/02/17: về nhà chung'),
(90, 2263, 7, '2017-02-15 00:00:00', '2017-02-23 00:00:00', 'nhận case về c Hương\r\n23/02/17: mất'),
(91, 2264, 31, '2017-03-05 00:00:00', '2017-04-30 00:00:00', '05/03/17: về Huyền HKT'),
(92, 2265, 10, '2017-02-23 00:00:00', '2017-04-11 00:00:00', '23/02/17: về fos tây ở 136A Trấn Vũ'),
(93, 2269, 49, '2017-03-05 00:00:00', NULL, '05/03/17: về Hà Phạm'),
(94, 2270, 51, '2017-02-22 00:00:00', '2017-03-05 00:00:00', '22/02/17: về Cao Trí\r\n05/03/17: mất'),
(95, 2271, 2, '2017-02-18 00:00:00', '2017-02-22 00:00:00', 'nhận case về nhà chung'),
(96, 2271, 14, '2017-02-22 00:00:00', '2017-03-05 00:00:00', '22/02/17: về Pizi\r\n05/03/17: mất'),
(97, 2272, 2, '2017-02-22 00:00:00', '2017-04-11 00:00:00', '22/02/17: về nhà chung (tầng 4)'),
(98, 2273, 30, '2017-02-18 00:00:00', '2017-03-05 00:00:00', 'nhận case về cô Ngân'),
(99, 2275, 33, '2017-02-22 00:00:00', '2017-03-13 00:00:00', 'nhận case về c Hà\r\n13/03/17: mất thêm 2 đứa, còn 1 mẹ 1 con'),
(100, 2276, 33, '2017-02-22 00:00:00', NULL, 'nhận case về c Hà\r\n14/03/17: mất'),
(101, 2278, 57, '2017-03-03 00:00:00', '2017-03-05 00:00:00', '03/03/17: về Linh Vũ'),
(102, 2281, 7, '2017-03-05 00:00:00', NULL, '05/03/17: về c Hương'),
(103, 2284, 10, '2017-03-05 00:00:00', NULL, '05/03/17: về fos tây'),
(104, 2290, 58, '2017-03-02 00:00:00', '2017-03-13 00:00:00', '02/03/17: về fos Vy Vy\r\n13/03/17: mất'),
(105, 2292, 2, '2017-03-05 00:00:00', NULL, '05/03/2017: về nhà chung'),
(106, 2293, 7, '2017-02-27 00:00:00', '2017-03-20 00:00:00', 'nhận case về c Hương\r\n20/03/17: có chủ\r\n11/04/17: mất'),
(107, 2296, 2, '2017-03-02 00:00:00', NULL, 'nhận case về nhà chung'),
(108, 2302, 26, '2017-03-05 00:00:00', NULL, '05/03/17: về Sun Phạm'),
(109, 2303, 33, '2017-03-05 00:00:00', NULL, '05/03/17: về c Hà\r\n14/03/17: mất'),
(111, 2317, 62, '2017-03-13 00:00:00', NULL, '13/03/17: chuyển về fos ngoài\r\nĐịa chỉ: Số nhà 2a ngách 82 ngõ 281 Trương Định\r\nSố đt: 0984111491'),
(112, 2323, 2, '2017-03-13 00:00:00', '2017-04-03 00:00:00', '13/03/17: về nhà chung'),
(113, 2311, 50, '2017-03-13 00:00:00', NULL, '13/03/17: về Khô Nai'),
(114, 2308, 62, '2017-03-10 00:00:00', '2017-03-12 00:00:00', 'về nhà fos ở B14 Phạm Ngọc Thạch hôm nào đấy'),
(115, 2301, 2, '2017-03-13 00:00:00', NULL, '13/03/17: về nhà chung'),
(116, 2298, 2, '2017-03-13 00:00:00', NULL, '13/03/17: về nhà chung'),
(117, 2289, 63, '2017-03-13 00:00:00', NULL, '13/03/17: về c Huế Trần'),
(118, 2283, 21, '2017-03-13 00:00:00', NULL, '13/03/17: về c Loan Đỗ'),
(119, 2278, 57, '2017-03-13 00:00:00', '2017-05-28 00:00:00', '13/03/17: về Linh Vũ\r\n28/05/17: có chủ'),
(120, 2276, 64, '2017-03-13 00:00:00', NULL, 'gửi 2 đứa bú nhờ mèo mẹ ở nhà chị Ngọc\r\n14/03/17: mất'),
(121, 2314, 60, '2017-03-13 00:00:00', '2017-03-20 00:00:00', '13/03/17: về c Hà\r\n20/03/17: mất'),
(122, 2233, 2, '2017-03-13 00:00:00', '2017-05-18 00:00:00', '13/03/17: về nhà chung'),
(124, 2332, 65, '2017-03-14 00:00:00', NULL, 'nhận case về Phượng Tata'),
(125, 2333, 60, '2017-03-14 00:00:00', '2017-04-30 00:00:00', 'nhận case về c Hà'),
(126, 2316, 66, '2017-03-14 00:00:00', '2017-04-30 00:00:00', '14/03/17: tách 3 đứa về nhà mèo mẹ Chi Lê\r\n'),
(127, 2316, 62, '2017-03-14 00:00:00', '2017-04-30 00:00:00', '14/03/17: tách 2 đứa về mèo mẹ 16 ngõ 448 Vĩnh Hưng'),
(128, 2305, 48, '2017-03-14 00:00:00', NULL, '14/03/17: về c Dung'),
(129, 2223, 51, '2017-03-14 00:00:00', '2017-04-11 00:00:00', '14/03/17: về Cao Trí'),
(130, 2222, 2, '2017-03-14 00:00:00', '2017-04-01 00:00:00', '14/03/17: về nhà chung\r\n-------\r\ncó chủ \r\nTamara Wooldrige: 22 Trần Tế Xương. +84 888617283.'),
(131, 2193, 67, '2017-03-14 00:00:00', NULL, '14/03/17: về Hương MÍt'),
(132, 2186, 2, '2017-03-14 00:00:00', NULL, '14/03/17: về nhà chung'),
(133, 2178, 2, '2017-03-14 00:00:00', NULL, '14/03/17: về nhà chung'),
(134, 2156, 54, '2017-03-05 00:00:00', NULL, '05/03/17: 1 đứa mất, 1 đứa vẫn ở nhà fos'),
(135, 2341, 60, '2017-03-18 00:00:00', '2017-04-30 00:00:00', 'nhận case về c Hà'),
(136, 2349, 14, '2017-03-20 00:00:00', '2017-05-08 00:00:00', '20/03/17: về Pizi'),
(137, 2337, 2, '2017-03-20 00:00:00', NULL, '20/03/17: về nhà chung'),
(138, 2330, 7, '2017-03-20 00:00:00', '2017-04-30 00:00:00', '20/03/17: về c Trần Hương cùng 2331'),
(139, 2331, 7, '2017-03-20 00:00:00', '2017-04-30 00:00:00', '20/03/17: về c Trần Hương cùng 2330'),
(140, 2329, 2, '2017-03-20 00:00:00', '2017-04-30 00:00:00', '20/03/17: về nhà chung'),
(141, 2328, 75, '2017-03-20 00:00:00', '2017-03-22 00:00:00', '20/03/17: về c Lê Thanh'),
(142, 2321, 24, '2017-03-20 00:00:00', NULL, '20/03/17: mất 2, còn 1 về Lê Ánh Tuyết'),
(143, 2320, 5, '2017-03-20 00:00:00', NULL, '20/03/17: về c Hoa'),
(144, 2319, 5, '2017-03-20 00:00:00', NULL, '20/03/17: về c Hoa'),
(145, 2318, 2, '2017-03-19 00:00:00', '2017-03-20 00:00:00', '19/03/17: về nhà chung'),
(146, 2310, 57, '2017-03-20 00:00:00', NULL, '20/03/17: về nhà foster, đang có ý định nuôi luôn'),
(147, 2275, 62, '2017-03-20 00:00:00', NULL, '20/03/17: mẹ đang đi lạc mất, con gửi bú nhờ nhà mèo mẹ khác\r\nđ/c: Miêu Nha, Tây Mỗ\r\nSĐT: 01679996738'),
(148, 2273, 2, '2017-03-20 00:00:00', NULL, '20/03/17: về nhà chung'),
(149, 2266, 7, '2017-03-20 00:00:00', '2017-04-11 00:00:00', '20/03/17: về c Trần Hương'),
(150, 2262, 56, '2017-03-20 00:00:00', '2017-04-30 00:00:00', '20/03/17: về Minh Yến'),
(151, 2255, 10, '2017-03-20 00:00:00', NULL, '20/03/17: về fos tây'),
(152, 2252, 2, '2017-03-20 00:00:00', NULL, '20/03/17: về nhà chung'),
(153, 2246, 2, '2017-03-20 00:00:00', '2017-06-04 00:00:00', '20/03/17: về nhà chung (tầng 3)'),
(154, 2226, 43, '2017-03-20 00:00:00', NULL, '20/03/17: khỏi GBC, về Vũ Khúc'),
(155, 2226, 2, '2017-03-05 00:00:00', '2017-03-11 00:00:00', '05/03/17: về nhà chung'),
(156, 2353, 30, '2017-03-20 00:00:00', '2017-04-11 00:00:00', '20/03/17: về cô Ngân'),
(157, 2355, 21, '2017-03-22 00:00:00', '2017-06-04 00:00:00', 'nhận case về c Loan Đỗ'),
(158, 2363, 36, '2017-03-22 00:00:00', '2017-04-07 00:00:00', '22/03/17: về c Vân Trịnh\r\n07/04/17: mất'),
(159, 2351, 76, '2017-03-22 00:00:00', '2017-04-07 00:00:00', '22/03/17: về fos River Nguyễn'),
(160, 2350, 60, '2017-03-22 00:00:00', NULL, '22/03/17: về fos Thu Thu Hà (ghép đàn với case 2341)'),
(161, 2367, 7, '2017-03-27 00:00:00', NULL, 'nhận case về c Hương'),
(162, 2371, 80, '2017-03-29 00:00:00', '2017-04-30 00:00:00', 'nhận case về mèo mẹ ở Phố Huế'),
(163, 2372, 2, '2017-03-29 00:00:00', '2017-04-11 00:00:00', '29/03/17: update ở nhà chung'),
(164, 2379, 7, '2017-03-29 00:00:00', NULL, '29/03/17: về c Trần Hương'),
(165, 2386, 30, '2017-03-30 00:00:00', NULL, 'nhận case về cô Ngân'),
(166, 2390, 77, '2017-04-01 00:00:00', NULL, '01/04/17: về Trang Như Đinh'),
(167, 2332, 77, '2017-04-01 00:00:00', NULL, '01/04/17: upadate đang ở Trang Như Đinh'),
(169, 2391, 7, '2017-04-01 00:00:00', NULL, 'nhận case về c Hương'),
(170, 2398, 2, '2017-04-03 00:00:00', '2017-04-11 00:00:00', 'nhận case về nhà chung'),
(171, 2402, 22, '2017-04-06 00:00:00', NULL, 'nhận case về a Trung'),
(172, 2390, 79, '2017-04-01 00:00:00', NULL, 'tách 1 đứa về Kim Anh'),
(173, 2383, 22, '2017-04-07 00:00:00', NULL, '07/04/17: về Việt Trung'),
(174, 2380, 2, '2017-03-30 00:00:00', '2017-03-05 00:00:00', 'về nhà chung hôm nào đấy xong phát GBC'),
(175, 2375, 10, '2017-04-07 00:00:00', '2017-06-01 00:00:00', '07/04/17: về fos tây\r\n30/04/17: update mất 1 đứa'),
(176, 2365, 7, '2017-04-07 00:00:00', NULL, '07/04/17: mất'),
(177, 2340, 2, '2017-04-07 00:00:00', NULL, '07/04/17: về nhà chung'),
(178, 2334, 7, '2017-04-07 00:00:00', NULL, '07/04/17: về c Trần Hương'),
(179, 2327, 7, '2017-04-07 00:00:00', NULL, '07/04/17: về c Trần Hương'),
(180, 2323, 60, '2017-04-07 00:00:00', '2017-04-30 00:00:00', '07/04/17: về c Hà'),
(181, 2318, 53, '2017-04-07 00:00:00', '2017-06-18 00:00:00', '07/04/17: về Thu Hà Trần\r\n18/06/17: có chủ'),
(182, 2348, 5, '2017-03-25 00:00:00', '2017-04-07 00:00:00', 'về c Hoa Phạm'),
(183, 2419, 7, '2017-04-08 00:00:00', NULL, 'Nhận case về c Hương'),
(184, 2420, 7, '2017-04-08 00:00:00', NULL, 'nhận case về c Hương'),
(185, 2426, 7, '2017-04-11 00:00:00', NULL, 'nhận case về c Hương'),
(186, 2423, 74, '2017-04-11 00:00:00', NULL, '11/04/17: về Hoàng Kim Đức'),
(189, 2416, 2, '2017-04-11 00:00:00', '2017-05-15 00:00:00', '11/04/17: về nhà chung\r\n15/05/17:  phát GBC lên Văn Cao rồi về fos Phạm Ngân'),
(190, 2415, 2, '2017-04-11 00:00:00', NULL, '11/04/17: về nhà chung'),
(192, 2410, 2, '2017-04-11 00:00:00', NULL, '11/04/17: về nhà chung'),
(194, 2408, 2, '2017-04-11 00:00:00', '2017-05-15 00:00:00', '11/04/17: về nhà chung'),
(195, 2404, 43, '2017-04-11 00:00:00', '2017-04-30 00:00:00', '11/04/17: về c Vũ Khúc\r\n30/04/17: mất'),
(196, 2403, 2, '2017-04-11 00:00:00', NULL, '11/04/17: về nhà chung'),
(197, 2387, 2, '2017-04-11 00:00:00', NULL, '11/04/17: về nhà chung'),
(198, 2378, 2, '2017-04-11 00:00:00', NULL, '11/04/17: về nhà chung'),
(199, 2294, 26, '2017-04-11 00:00:00', '2017-06-20 00:00:00', '11/04/17: về SunPham'),
(200, 2275, 43, '2017-04-11 00:00:00', NULL, '11/04/17: update mèo mẹ ở nhà c Vũ Khúc'),
(201, 2274, 10, '2017-04-11 00:00:00', NULL, '11/04/17: về fos tây'),
(202, 2265, 24, '2017-04-11 00:00:00', NULL, '11/04/17: về c Le Anh Tuyet'),
(203, 2254, 52, '2017-04-11 00:00:00', NULL, '11/04/17: về c Ha Dinh'),
(204, 2223, 54, '2017-04-11 00:00:00', NULL, '11/04/17: đảo fos, về c Thùy Dung Lê'),
(205, 2161, 5, '2017-04-11 00:00:00', NULL, '11/04/17: về c Hoa'),
(206, 2442, 36, '2017-04-19 00:00:00', '2017-04-30 00:00:00', '19/04/17: về c Vân Trịnh'),
(207, 2446, 5, '2017-04-23 00:00:00', NULL, 'nhận case về c Hoa\r\n09/06/17: 2 đứa nhỏ có chủ'),
(208, 2447, 5, '2017-04-23 00:00:00', '2017-04-30 00:00:00', 'nhận case về c Hoa'),
(209, 2450, 2, '2017-04-23 00:00:00', NULL, 'nhận case về nhà chung'),
(210, 2459, 2, '2017-04-30 00:00:00', '2017-05-15 00:00:00', 'nhận case về nhà chung\r\n15/05/17: lạc'),
(211, 2470, 80, '2017-04-30 00:00:00', NULL, 'nhận case về fos ngoài (đàn 5 đứa, 3 đứa về fos)\r\nđ/c: Số 8 Trần Quốc Toản'),
(212, 2471, 81, '2017-04-30 00:00:00', '2017-05-21 00:00:00', 'nhận case về c Chinh'),
(213, 2475, 7, '2017-04-30 00:00:00', '2017-05-01 00:00:00', 'yếu, mất luôn hôm sau'),
(214, 2452, 7, '2017-04-23 00:00:00', '2017-04-30 00:00:00', 'nhận case về c Hương\r\n30/04/17: update mất'),
(215, 2449, 82, '2017-04-30 00:00:00', NULL, '30/04/17: về Trần Vân Hà'),
(216, 2417, 29, '2017-04-30 00:00:00', NULL, '30/04/17: về Ngọc Hà'),
(217, 2401, 11, '2017-04-30 00:00:00', NULL, '30/04/17: về Nga Trần'),
(218, 2394, 2, '2017-04-30 00:00:00', NULL, '30/04/17: về nhà chung'),
(219, 2389, 7, '2017-04-30 00:00:00', NULL, '30/04/17: về c Trần Hương'),
(220, 2380, 80, '2017-04-30 00:00:00', NULL, '30/04/17: update về fos B14 '),
(221, 2371, 7, '2017-04-30 00:00:00', NULL, '30/04/17: về c Trần Hương'),
(222, 2360, 2, '2017-04-30 00:00:00', NULL, '30/04/17: về nhà chung'),
(223, 2354, 7, '2017-04-30 00:00:00', NULL, '30/04/17: về c Trần Hương'),
(224, 2353, 30, '2017-04-30 00:00:00', '2017-05-25 00:00:00', '30/04/17: về lại cô Ngân\r\n25/5/17: có chủ\r\nLê Hồng Nhung, số 8 ngõ 119 giáp bát, dt 0984998261\r\nhttps://www.facebook.com/LeHongNhung64'),
(225, 2341, 83, '2017-04-30 00:00:00', NULL, '30/04/17: về Nga Triệu'),
(226, 2333, 37, '2017-04-30 00:00:00', NULL, '30/04/17: về Phạm Ngân'),
(227, 2323, 48, '2017-04-30 00:00:00', NULL, '30/04/17: về Thủy Phù Dung'),
(228, 2219, 10, '2017-04-30 00:00:00', NULL, '30/04/17: về fos tây'),
(229, 2484, 5, '2017-05-02 00:00:00', '2017-06-12 00:00:00', 'nhận case về c Hoa\r\n12/06/17: có chủ\r\nVũ Hoàng Duy\r\nSố nhà 70B/81/24/47 Lạc Long Quân, Phường Nghĩa Đô, Cầu Giấy\r\nSN 1990\r\nNghề nghiệp: GV đại học DT: 0943110313\r\nhttps://www.facebook.com/hoangduyvu07'),
(230, 2487, 54, '2017-05-02 00:00:00', '2017-06-03 00:00:00', 'nhận case về c Thùy Dung Lê'),
(231, 2490, 63, '2017-05-05 00:00:00', '2017-05-15 00:00:00', 'nhận case về Huế Trần'),
(232, 2499, 60, '2017-05-06 00:00:00', '2017-06-03 00:00:00', 'nhận case về c Hà'),
(233, 2501, 80, '2017-05-15 00:00:00', '2017-05-21 00:00:00', '15/05/17: về fos nào đấy'),
(234, 2490, 2, '2017-05-15 00:00:00', NULL, '15/05/17: về nhà chung'),
(235, 2489, 2, '2017-05-15 00:00:00', NULL, '15/05/17: về nhà chung'),
(236, 2488, 35, '2017-05-15 00:00:00', NULL, '15/05/17: về Nguyễn Hương'),
(237, 2483, 7, '2017-05-15 00:00:00', NULL, '15/05/17: về c Hương'),
(238, 2480, 84, '2017-05-15 00:00:00', NULL, '15/05/17: về Trang Đỗ'),
(239, 2476, 5, '2017-05-15 00:00:00', '2017-06-18 00:00:00', '15/05/17: về c Hoa Phạm'),
(240, 2466, 2, '2017-05-15 00:00:00', NULL, '15/05/17: về nhà chung'),
(241, 2465, 11, '2017-05-15 00:00:00', NULL, '15/05/17: về Nga Trần'),
(242, 2462, 2, '2017-05-15 00:00:00', NULL, '15/05/17: về nhà chung'),
(243, 2461, 2, '2017-05-15 00:00:00', NULL, '15/05/17: về nhà chung'),
(244, 2460, 2, '2017-05-15 00:00:00', NULL, '15/05/17: về nhà chung'),
(245, 2454, 26, '2017-05-15 00:00:00', NULL, '15/05/17: về Sun Phạm'),
(246, 2453, 39, '2017-05-15 00:00:00', NULL, '15/05/17: về c Fade'),
(247, 2448, 83, '2017-05-15 00:00:00', NULL, '15/05/17: về c Nga Triệu'),
(248, 2443, 7, '2017-05-15 00:00:00', NULL, '15/05/17: về bố c Trần Hương'),
(249, 2441, 26, '2017-05-15 00:00:00', NULL, '15/05/17: về Sun Phạm'),
(250, 2440, 80, '2017-05-15 00:00:00', NULL, '15/05/17: về fos B14'),
(251, 2429, 57, '2017-05-15 00:00:00', NULL, '15/05/17: về Linh Vũ'),
(252, 2416, 37, '2017-05-15 00:00:00', NULL, '15/05/17:  phát GBC lên Văn Cao rồi về fos Phạm Ngân'),
(253, 2262, 2, '2017-05-15 00:00:00', NULL, '15/05/17: về nhà chung'),
(254, 2533, 7, '2017-05-21 00:00:00', NULL, 'nhận case về c Hương'),
(255, 2534, 43, '2017-05-21 00:00:00', NULL, 'nhận case về c Vũ Khúc'),
(256, 2510, 76, '2017-05-21 00:00:00', NULL, '21/05/17: về River Nguyễn'),
(257, 2508, 14, '2017-05-21 00:00:00', NULL, '21/05/17: về Pizi'),
(258, 2506, 24, '2017-05-21 00:00:00', NULL, '21/05/17: về Le Anh Tuyet'),
(259, 2497, 7, '2017-05-21 00:00:00', NULL, '21/05/17: về c Hương'),
(260, 2471, 5, '2017-05-21 00:00:00', NULL, '21/05/17:  đảo fos, về c Hoa'),
(261, 2468, 86, '2017-05-21 00:00:00', NULL, '21/05/17: về c Minh Phuong Nguyen'),
(262, 2515, 86, '2017-05-21 00:00:00', NULL, '21/05/17: về c Minh Phuong Nguyen'),
(263, 2514, 2, '2017-05-24 00:00:00', NULL, '24/05/17: về nhà chung'),
(264, 2503, 60, '2017-05-24 00:00:00', NULL, '24/05/17: về c Hà'),
(265, 2563, 26, '2017-06-03 00:00:00', NULL, '\r\n'),
(266, 2572, 54, '2017-06-03 00:00:00', NULL, ''),
(267, 2554, 30, '2017-06-03 00:00:00', NULL, '03/06/17: về cô Ngân'),
(268, 2553, 7, '2017-06-03 00:00:00', NULL, '03/06/17: về c Trần Hương'),
(270, 2552, 2, '2017-06-03 00:00:00', NULL, '03/06/17: về nhà chung'),
(271, 2547, 30, '2017-06-03 00:00:00', NULL, '03/06/17: về cô Ngân'),
(272, 2542, 63, '2017-06-03 00:00:00', NULL, '03/06/17: về Huế Trần'),
(273, 2536, 87, '2017-06-03 00:00:00', NULL, '03/06/17: về Mai Hương'),
(274, 2535, 2, '2017-06-03 00:00:00', NULL, '03/06/17: về nhà chung'),
(275, 2530, 10, '2017-06-03 00:00:00', NULL, '03/06/17: về fos tây'),
(276, 2529, 2, '2017-06-03 00:00:00', NULL, '03/06/17: về nhà chung'),
(277, 2525, 60, '2017-06-03 00:00:00', NULL, '03/06/17: về c Hà'),
(278, 2487, 2, '2017-06-03 00:00:00', '2017-06-03 00:00:00', '03/06/17: về nhà chung'),
(279, 2478, 10, '2017-06-03 00:00:00', NULL, '03/06/17: về fos tây Ame Chan'),
(280, 2581, 10, '2017-06-11 00:00:00', NULL, ''),
(281, 2544, 35, '2017-06-27 00:00:00', NULL, '27/06/17: chủ trả, về Nguyễn Hương');

-- --------------------------------------------------------

--
-- Table structure for table `animal_hospital`
--

CREATE TABLE `animal_hospital` (
  `id` int(11) NOT NULL,
  `animal_id` int(11) NOT NULL,
  `hospital_id` int(11) NOT NULL,
  `input_date` datetime DEFAULT NULL,
  `output_date` datetime DEFAULT NULL,
  `note` text COLLATE utf8_bin
) ENGINE=InnoDB DEFAULT CHARSET=utf8 COLLATE=utf8_bin;

--
-- Dumping data for table `animal_hospital`
--

INSERT INTO `animal_hospital` (`id`, `animal_id`, `hospital_id`, `input_date`, `output_date`, `note`) VALUES
(1, 2, 14, '2017-01-01 00:00:00', '2017-01-06 00:00:00', ''),
(2, 2127, 1, '2017-01-01 00:00:00', '2017-01-12 00:00:00', ''),
(3, 2129, 12, '2017-01-02 00:00:00', '2017-01-12 00:00:00', '13/01/17: mất'),
(4, 2130, 1, '2017-01-02 00:00:00', '2017-02-06 00:00:00', ''),
(5, 2131, 4, '2017-01-02 00:00:00', '2017-01-07 00:00:00', '07/01/17: mất'),
(6, 2132, 4, '2017-01-04 00:00:00', '2017-01-04 00:00:00', 'mất luôn trong ngày'),
(7, 2134, 14, '2017-01-04 00:00:00', '2017-01-12 00:00:00', 'nhận case cho lên HV'),
(8, 2134, 6, '2017-01-17 00:00:00', '2017-02-06 00:00:00', 'Phát GBC, lên Sunpet\r\n07/02/2017: mất'),
(9, 2135, 14, '2017-01-04 00:00:00', '2017-01-12 00:00:00', 'nhận case về HV'),
(10, 2136, 1, '2017-01-04 00:00:00', '2017-01-12 00:00:00', 'nhận case lên Văn Cao'),
(11, 2137, 5, '2017-01-04 00:00:00', '2017-01-06 00:00:00', 'nhận case lên 2F'),
(12, 2138, 14, '2017-01-04 00:00:00', '2017-01-07 00:00:00', '07/01/17: mất'),
(13, 2139, 4, '2017-01-07 00:00:00', '2017-02-02 00:00:00', '+ nhận case lên Kim Ngưu\r\n+ 03/02/17: mất\r\n'),
(14, 2140, 4, '2017-01-07 00:00:00', '2017-01-12 00:00:00', '+nhận case lên Kim Ngưu\r\n+ 13/01/17: mất'),
(15, 2141, 12, '2017-01-07 00:00:00', '2017-01-07 00:00:00', 'mất luôn trong ngày'),
(16, 2142, 5, '2017-01-08 00:00:00', '2017-01-11 00:00:00', '+nhận case về 2F'),
(17, 2143, 4, '2017-01-09 00:00:00', '2017-01-15 00:00:00', 'nhận case về Kim Ngưu'),
(18, 2143, 6, '2017-01-16 00:00:00', '2017-02-07 00:00:00', '16/01/17: phát GBC, lên Sunpet\r\n07/02/17: mất'),
(19, 2144, 1, '2017-01-09 00:00:00', '2017-01-30 00:00:00', '+nhận case lên Văn Cao'),
(20, 2144, 12, '2017-02-06 00:00:00', '2017-02-23 00:00:00', '06/02/17: tiêu chảy nặng, lên Gaia \r\n23/02/17: mất'),
(21, 2145, 14, '2017-01-09 00:00:00', '2017-02-07 00:00:00', 'nhận case về HV\r\n07/02/17: mất'),
(22, 2146, 12, '2017-01-09 00:00:00', '2017-01-11 00:00:00', '09/01/17: nhận case lên Gaia\r\n'),
(23, 2146, 6, '2017-01-13 00:00:00', '2017-01-17 00:00:00', '13/01/17: phát GBC, lên Sunpet\r\n17/01/17: mất'),
(24, 2147, 6, '2017-01-09 00:00:00', '2017-01-09 00:00:00', 'yếu, mất luôn'),
(25, 2148, 12, '2017-01-13 00:00:00', '2017-02-06 00:00:00', 'nhận case về Gaia\r\n07/02/17: có chủ'),
(26, 2149, 14, '2017-01-13 00:00:00', '2017-02-07 00:00:00', '13/01/17: nhận case về HV\r\n07/02/17: mất'),
(27, 2150, 12, '2017-01-11 00:00:00', '2017-02-06 00:00:00', 'nhận case về Gaia'),
(28, 2151, 14, '2017-01-12 00:00:00', '2017-02-06 00:00:00', '12/01/17: nhận case về HV'),
(29, 2152, 12, '2017-01-12 00:00:00', '2017-02-06 00:00:00', 'nhận case về Gaia'),
(30, 2153, 4, '2017-01-12 00:00:00', '2017-02-06 00:00:00', 'nhận case về Kim Ngưu'),
(31, 2154, 4, '2017-01-12 00:00:00', '2017-01-17 00:00:00', 'nhận case về Kim Ngưu'),
(32, 2155, 1, '2017-01-11 00:00:00', '2017-01-12 00:00:00', 'nhận case về Văn Cao'),
(33, 2156, 6, '2017-02-24 00:00:00', '2017-03-05 00:00:00', '24/02/17: 2 đứa phát GBC, chuyển lên Sunpet\r\n05/03/17: mất 1 đứa'),
(34, 2157, 1, '2017-01-17 00:00:00', '2017-02-06 00:00:00', 'nhận case về Văn Cao'),
(35, 2158, 4, '2017-01-17 00:00:00', '2017-02-07 00:00:00', '17/01/17: nhận case về Kim Ngưu\r\n07/02/17: mất'),
(36, 2159, 4, '2017-01-17 00:00:00', '2017-01-22 00:00:00', 'nhận case về Kim Ngưu'),
(37, 2159, 6, '2017-02-02 00:00:00', '2017-02-07 00:00:00', 'Phát GBC, lên Sunpet hôm nào đấy'),
(38, 2161, 1, '2017-01-17 00:00:00', '2017-01-22 00:00:00', '17/01/17: nhận case về Văn Cao'),
(39, 2162, 4, '2017-01-17 00:00:00', '2017-02-06 00:00:00', '17/01/17: nhận case về Kim Ngưu'),
(40, 2163, 4, '2017-01-17 00:00:00', '2017-02-03 00:00:00', '17/01/17: nhận case về Kim Ngưu\r\n03/02/17: mất'),
(41, 2164, 5, '2017-01-18 00:00:00', '2017-02-03 00:00:00', '18/01/17: nhận case về 2F\r\n03/02/17: mất'),
(42, 2165, 6, '2017-01-18 00:00:00', '2017-02-02 00:00:00', '18/01/17: nhận case về Sunpet'),
(43, 2166, 1, '2017-01-18 00:00:00', '2017-02-02 00:00:00', 'nhận case về Văn Cao r về nhà chung hôm nào đấy'),
(44, 2167, 14, '2017-01-24 00:00:00', '2017-01-25 00:00:00', 'nhận case về HV'),
(45, 2167, 12, '2017-02-03 00:00:00', '2017-02-03 00:00:00', 'lên Gaia, mất'),
(46, 2168, 14, '2017-01-24 00:00:00', '2017-02-02 00:00:00', 'nhận case về HV'),
(47, 2169, 14, '2017-01-25 00:00:00', '2017-02-07 00:00:00', 'nhận case về HV\r\n07/02/17: mất'),
(48, 2170, 5, '2017-01-24 00:00:00', '2017-02-06 00:00:00', 'nhận case về 2F\r\n'),
(49, 2171, 1, '2017-01-25 00:00:00', '2017-02-06 00:00:00', 'nhận case lên Văn Cao'),
(50, 2172, 9, '2017-02-24 00:00:00', '2017-02-25 00:00:00', 'nhận case về Vietvet, hôm sau mất luôn'),
(51, 2174, 1, '2017-01-25 00:00:00', '2017-02-03 00:00:00', 'nhận case lên Văn Cao\r\n03/02/17: mất'),
(52, 2173, 4, '2017-01-25 00:00:00', '2017-02-05 00:00:00', 'nhận case về Kim Ngưu'),
(53, 2173, 12, '2017-02-07 00:00:00', '2017-02-07 00:00:00', '07/02/17: nôn ra giun, lên Gaia, mất'),
(55, 2175, 4, '2017-01-25 00:00:00', '2017-02-03 00:00:00', 'nhận case lên Kim Ngưu\r\n03/02/17: mất'),
(56, 2177, 6, '2017-01-25 00:00:00', '2017-02-03 00:00:00', 'nhận case lên Sunpet, \r\n03/02/17: mất'),
(57, 2178, 4, '2017-01-25 00:00:00', '2017-02-06 00:00:00', 'nhận case lên Kim Ngưu'),
(58, 2179, 12, '2017-01-25 00:00:00', '2017-02-07 00:00:00', 'nhận case lên Gaia\r\n07/02/17: mất'),
(59, 2180, 4, '2017-01-25 00:00:00', '2017-02-03 00:00:00', 'nhận case lên Kim Ngưu\r\n03/02/17: mất'),
(60, 2182, 12, '2017-01-25 00:00:00', '2017-02-07 00:00:00', 'nhận case lên Gaia\r\n07/02/17: có chủ'),
(61, 2183, 1, '2017-01-26 00:00:00', '2017-02-03 00:00:00', 'nhân case lên Văn Cao\r\n03/02/17: mất'),
(62, 2184, 1, '2017-01-26 00:00:00', '2017-02-07 00:00:00', 'nhận case lên Văn Cao\r\n07/02/17: mất'),
(63, 2185, 12, '2017-01-26 00:00:00', '2017-01-29 00:00:00', 'nhận case về Gaia'),
(64, 2185, 5, '2017-02-08 00:00:00', NULL, '08/02/2017: lên 2F, sau đó 1 tg mất'),
(65, 2186, 4, '2017-01-26 00:00:00', '2017-02-06 00:00:00', 'nhận case về Kim Ngưu'),
(66, 2187, 4, '2017-01-26 00:00:00', '2017-02-07 00:00:00', 'nhận case về Kim Ngưu\r\n07/02/17: mất'),
(67, 2188, 6, '2017-01-29 00:00:00', '2017-02-03 00:00:00', '29/01/17: nhận case lên Sunpet'),
(68, 2189, 12, '2017-01-29 00:00:00', '2017-02-03 00:00:00', 'nhận case về Gaia\r\n03/02/17: mất'),
(69, 2190, 12, '2017-01-29 00:00:00', '2017-01-30 00:00:00', 'nhận case về Gaia'),
(70, 2191, 12, '2017-01-29 00:00:00', '2017-02-23 00:00:00', 'nhận case lên Gaia\r\n23/02/17: mất'),
(71, 2192, 12, '2017-01-29 00:00:00', '2017-02-22 00:00:00', 'nhận case về Gaia'),
(72, 2193, 12, '2017-01-29 00:00:00', '2017-02-22 00:00:00', 'nhận case về Gaia'),
(73, 2194, 6, '2017-01-29 00:00:00', '2017-02-23 00:00:00', 'nhận case về Sunpet\r\n23/02/17: mất\r\n'),
(74, 2196, 12, '2017-01-29 00:00:00', '2017-02-07 00:00:00', 'nhận case về Gaia\r\n07/02/17: mất'),
(75, 2197, 12, '2017-01-29 00:00:00', '2017-01-30 00:00:00', 'nhận case lên Gaia'),
(76, 2198, 12, '2017-01-29 00:00:00', '2017-02-23 00:00:00', '29/01/17: nhận case về Gaia\r\n23/02/17: mất'),
(77, 2199, 12, '2017-01-29 00:00:00', '2017-02-03 00:00:00', 'nhận case về Gaia'),
(78, 2200, 6, '2017-01-30 00:00:00', '2017-02-02 00:00:00', 'nhận case về SP'),
(79, 2201, 12, '2017-01-30 00:00:00', '2017-02-07 00:00:00', 'nhận case về Gaia'),
(80, 2202, 12, '2017-01-30 00:00:00', '2017-02-07 00:00:00', 'nhận case về Gaia'),
(81, 2203, 6, '2017-01-31 00:00:00', '2017-02-07 00:00:00', 'nhận case về SP\r\n07/02/17: mất'),
(82, 2204, 14, '2017-01-31 00:00:00', '2017-01-31 00:00:00', 'nhận case về HV'),
(83, 2204, 6, '2017-01-31 00:00:00', '2017-02-06 00:00:00', 'GBC, chuyển lên Sunpet'),
(84, 2205, 12, '2017-01-31 00:00:00', '2017-02-22 00:00:00', 'nhận case về Gaia\r\n22/02/17: mất'),
(85, 2206, 12, '2017-01-31 00:00:00', '2017-02-02 00:00:00', 'nhận case về Gaia'),
(86, 2207, 14, '2017-01-31 00:00:00', '2017-02-07 00:00:00', 'nhận case về HV'),
(87, 2207, 11, '2017-02-07 00:00:00', '2017-02-23 00:00:00', '07/02/17: 1 đứa phát GBC, lên AC'),
(88, 2208, 12, '2017-01-31 00:00:00', '2017-02-07 00:00:00', 'nhận case về Gaia\r\n07/02/17: mất'),
(89, 2209, 6, '2017-01-31 00:00:00', '2017-02-07 00:00:00', 'nhận case về SP\r\n07/02/17: mất'),
(90, 2210, 6, '2017-01-31 00:00:00', '2017-02-07 00:00:00', 'nhận case về SP\r\n07/02/17: mất'),
(91, 2211, 6, '2017-02-01 00:00:00', '2017-02-07 00:00:00', 'nhận case về SP'),
(92, 2212, 14, '2017-02-01 00:00:00', '2017-02-23 00:00:00', 'nhận case về HV'),
(93, 2213, 14, '2017-02-01 00:00:00', '2017-02-03 00:00:00', 'nhận case về HV'),
(94, 2214, 1, '2017-02-02 00:00:00', '2017-02-23 00:00:00', 'nhận case về Văn Cao\r\n23/02/17: mất'),
(95, 2216, 1, '2017-02-03 00:00:00', '2017-02-23 00:00:00', 'nhận case về Văn Cao\r\n23/02/17: mất'),
(96, 2217, 14, '2017-02-03 00:00:00', '2017-02-07 00:00:00', 'nhận case về HV\r\n07/02/17: mất'),
(97, 2219, 12, '2017-02-04 00:00:00', '2017-02-07 00:00:00', 'nhận case về Gaia'),
(98, 2220, 14, '2017-02-04 00:00:00', '2017-02-23 00:00:00', 'nhận case về HV'),
(99, 2221, 12, '2017-02-04 00:00:00', NULL, '04/02/17: nhận case về Gaia'),
(100, 2222, 1, '2017-02-04 00:00:00', '2017-02-23 00:00:00', 'nhận case về Văn Cao'),
(101, 2223, 14, '2017-02-04 00:00:00', '2017-02-21 00:00:00', 'nhận case lên HV'),
(102, 2223, 14, '2017-02-23 00:00:00', '2017-03-14 00:00:00', '23/02/17: phát GBC, lên HV'),
(103, 2224, 4, '2017-02-04 00:00:00', '2017-02-23 00:00:00', 'nhận case về Kim Ngưu\r\n23/02/17: mất'),
(104, 2226, 14, '2017-02-05 00:00:00', '2017-02-23 00:00:00', 'nhận case về HV'),
(105, 2227, 4, '2017-02-05 00:00:00', '2017-02-07 00:00:00', 'nhận case về Kim Ngưu\r\n07/02/17: mất'),
(106, 2229, 4, '2017-02-04 00:00:00', '2017-02-23 00:00:00', 'nhận case về Kim Ngưu'),
(107, 2230, 14, '2017-02-06 00:00:00', '2017-02-22 00:00:00', 'nhận case về HV'),
(108, 2231, 4, '2017-02-06 00:00:00', '2017-04-11 00:00:00', '06/02/17: nhận case lên Kim Ngưu\r\n'),
(109, 2233, 4, '2017-03-05 00:00:00', '2017-05-13 00:00:00', 'nhận case về Kim Ngưu'),
(110, 2234, 14, '2017-02-06 00:00:00', '2017-02-23 00:00:00', 'nhận case về HV\r\n23/02/17: mất'),
(111, 2235, 14, '2017-02-06 00:00:00', '2017-02-23 00:00:00', 'nhận case về HV\r\n23/02/17: mất'),
(112, 2236, 14, '2017-02-06 00:00:00', '2017-02-23 00:00:00', 'nhận case về HV\r\n23/02/17: mất'),
(113, 2237, 4, '2017-02-08 00:00:00', '2017-02-09 00:00:00', 'nhận case về Kim Ngưu\r\n09/02/17: mất'),
(114, 2238, 1, '2017-02-08 00:00:00', '2017-02-23 00:00:00', 'nhận case lên VC\r\n23/02/17: mất'),
(115, 2239, 5, '2017-02-08 00:00:00', '2017-02-23 00:00:00', 'nhận case lên 2F'),
(116, 2239, 11, '2017-02-23 00:00:00', '2017-03-20 00:00:00', '23/02/17: phát GBC, lên AC\r\n20/03/17: mất'),
(117, 2240, 1, '2017-02-08 00:00:00', '2017-02-08 00:00:00', 'nhận case mất luôn'),
(118, 2241, 1, '2017-02-08 00:00:00', '2017-03-05 00:00:00', 'nhận case về Văn Cao'),
(119, 2242, 4, '2017-02-08 00:00:00', '2017-02-23 00:00:00', 'nhận case lên Kim Ngưu\r\n23/02/17: mất'),
(120, 2243, 4, '2017-02-08 00:00:00', '2017-03-05 00:00:00', 'nhận case về Kim Ngưu\r\n05/03/17: mất'),
(121, 2244, 1, '2017-02-08 00:00:00', '2017-02-22 00:00:00', 'nhận case về Văn Cao'),
(122, 2245, 12, '2017-02-08 00:00:00', '2017-02-15 00:00:00', 'nhận case về Gaia'),
(123, 2245, 11, '2017-02-20 00:00:00', '2017-02-23 00:00:00', 'phát GBC, lên AC\r\n23/02/17: update mất'),
(124, 2246, 4, '2017-02-10 00:00:00', '2017-02-13 00:00:00', 'nhận case về Kim Ngưu'),
(125, 2246, 12, '2017-02-23 00:00:00', '2017-03-05 00:00:00', '23/02/17: update ở Gaia'),
(126, 2247, 14, '2017-02-10 00:00:00', '2017-02-23 00:00:00', 'nhận case về HV\r\n23/02/17: mất'),
(127, 2248, 1, '2017-02-10 00:00:00', '2017-02-22 00:00:00', 'nhận case về Văn Cao\r\n22/02/17: mất'),
(128, 2249, 4, '2017-02-10 00:00:00', '2017-02-22 00:00:00', 'nhận case về Kim Ngưu'),
(129, 2250, 12, '2017-02-10 00:00:00', '2017-02-23 00:00:00', 'nhận case về Gaia\r\n23/02/17: mất'),
(130, 2251, 4, '2017-02-10 00:00:00', '2017-02-10 00:00:00', '10/02/17: nhận case lên Kim Ngưu, mất luôn trong ngày'),
(131, 2252, 5, '2017-02-12 00:00:00', '2017-02-20 00:00:00', 'nhận case lên 2F'),
(132, 2252, 5, '2017-03-05 00:00:00', '2017-03-20 00:00:00', '05/03/17: update nôn nhiều, lên 2F'),
(133, 2253, 1, '2017-02-12 00:00:00', '2017-02-23 00:00:00', 'nhận case lên VC\r\n23/02/17: mất'),
(134, 2254, 14, '2017-02-12 00:00:00', '2017-02-22 00:00:00', 'nhận case lên HV'),
(135, 2254, 15, '2017-02-22 00:00:00', '2017-04-11 00:00:00', '22/02/17: về nông nghiệp châm cứu'),
(136, 2255, 14, '2017-02-12 00:00:00', '2017-03-05 00:00:00', 'nhận case lên HV'),
(137, 2256, 5, '2017-02-12 00:00:00', '2017-02-22 00:00:00', 'nhận case lên 2F'),
(138, 2257, 1, '2017-02-12 00:00:00', '2017-03-20 00:00:00', 'nhận case về VC\r\n20/03/17: mất'),
(139, 2258, 12, '2017-02-13 00:00:00', '2017-02-22 00:00:00', 'nhận case lên Gaia'),
(140, 2258, 11, '0017-02-22 00:00:00', '2017-03-05 00:00:00', '22/02/17: phát GBC, lên AC\r\n05/03/17: mất'),
(141, 2259, 14, '2017-02-13 00:00:00', '2017-02-23 00:00:00', 'nhận case về HV\r\n23/02/17: mất'),
(142, 2260, 4, '2017-02-13 00:00:00', '2017-02-22 00:00:00', 'nhận case về Kim Ngưu\r\n'),
(143, 2260, 6, '2017-02-22 00:00:00', '2017-03-05 00:00:00', '22/02/17: update đã về fos nhưng phát gbc lên Sunpet. Chết 1, không rõ đứa nào\r\n05/03/17: mất'),
(144, 2261, 4, '2017-02-15 00:00:00', '2017-03-05 00:00:00', 'nhận case về Kim Ngưu'),
(145, 2262, 6, '2017-02-22 00:00:00', '2017-02-24 00:00:00', '22/01/17: phát GBC cả đàn, lên Sunpet\r\n'),
(146, 2262, 6, '2017-03-05 00:00:00', '2017-03-20 00:00:00', '05/03/17:phát GBC lên Sunpet, hiện giờ chỉ còn mèo mẹ sống, vẫn đang điều trị'),
(147, 2264, 4, '2017-02-15 00:00:00', '2017-03-05 00:00:00', 'nhận case về Kim Ngưu'),
(148, 2265, 14, '2017-02-15 00:00:00', '2017-02-23 00:00:00', 'nhận case lên HV'),
(149, 2266, 4, '2017-02-16 00:00:00', '2017-03-20 00:00:00', 'nhận case về Kim Ngưu'),
(150, 2267, 14, '2017-02-16 00:00:00', '2017-02-23 00:00:00', 'nhận case về HV\r\n23/02/17: mất'),
(151, 2268, 14, '2017-02-17 00:00:00', '2017-03-05 00:00:00', 'nhận case về HV\r\n05/03/17: mất'),
(152, 2269, 14, '2017-02-17 00:00:00', '2017-03-05 00:00:00', 'nhận case về HV'),
(153, 2270, 12, '2017-02-18 00:00:00', '2017-02-22 00:00:00', 'nhận case về Gaia\r\n'),
(154, 2272, 12, '2017-02-18 00:00:00', '2017-02-22 00:00:00', 'nhận case về Gaia'),
(155, 2273, 5, '2017-03-05 00:00:00', '2017-03-20 00:00:00', '05/03/17: rối loạn tiêu hoá lên 2F điều trị'),
(156, 2274, 12, '2017-02-22 00:00:00', '2017-04-11 00:00:00', 'nhận case về Gaia'),
(157, 2277, 6, '2017-02-22 00:00:00', '2017-03-13 00:00:00', 'nhận case về Gaia sau đó chuyển luôn sang SP\r\n13/03/17: mất'),
(158, 2278, 1, '2017-02-22 00:00:00', '2017-03-03 00:00:00', 'nhận case về VC'),
(159, 2278, 1, '2017-03-05 00:00:00', '2017-03-13 00:00:00', '05/03/17: phát GBC, lên VC'),
(160, 2279, 5, '2017-02-22 00:00:00', '2017-03-05 00:00:00', 'nhận case về 2F\r\n05/03/17: mất'),
(161, 2280, 14, '2017-02-22 00:00:00', '2017-02-22 00:00:00', 'mất luôn trong ngày'),
(162, 2281, 4, '2017-02-23 00:00:00', '2017-03-05 00:00:00', 'nhận case về Kim Ngưu'),
(163, 2282, 1, '2017-02-23 00:00:00', '2017-03-05 00:00:00', 'nhận case lên VC\r\n05/03/17: mất'),
(164, 2283, 14, '2017-02-25 00:00:00', NULL, 'nhận case lên HV'),
(165, 2284, 1, '2017-02-25 00:00:00', '2017-03-05 00:00:00', 'nhận case về VC'),
(166, 2285, 1, '2017-02-25 00:00:00', '2017-03-13 00:00:00', '05/03/17: đã khỏi GBC nhưng viêm trym nên vẫn phải điều trị\r\n13/03/17: mất'),
(167, 2286, 6, '2017-02-27 00:00:00', '2017-02-28 00:00:00', 'nhận case về SP'),
(168, 2286, 14, '2017-02-28 00:00:00', '2017-03-05 00:00:00', '28/02/17: chuyển lên HV\r\n05/03/17: có chủ'),
(169, 2287, 14, '2017-02-27 00:00:00', '2017-03-05 00:00:00', 'nhận case về HV\r\n05/03/17: mất'),
(170, 2288, 4, '2017-02-27 00:00:00', '2017-03-13 00:00:00', 'nhận case về Kim Ngưu\r\n05/03/17: tắc tiểu nặng\r\n13/03/17: mất'),
(171, 2289, 4, '2017-02-27 00:00:00', NULL, 'nhận case về Kim Ngưu'),
(172, 2290, 5, '2017-02-27 00:00:00', '2017-03-02 00:00:00', 'nhận case về 2F'),
(173, 2291, 4, '2017-02-27 00:00:00', '2017-04-11 00:00:00', 'nhận case về Kim Ngưu'),
(174, 2292, 14, '2017-02-27 00:00:00', '2017-03-05 00:00:00', 'nhận case về Hanvet'),
(175, 2294, 1, '2017-03-02 00:00:00', '2017-04-11 00:00:00', 'nhận case lên Văn Cao'),
(176, 2295, 11, '2017-03-02 00:00:00', '2017-03-05 00:00:00', 'nhận case về AC\r\n5/3/2017:mất'),
(177, 2297, 12, '2017-03-02 00:00:00', '2017-03-13 00:00:00', 'nhận case về Gaia\r\n13/03/17: mất'),
(178, 2298, 14, '2017-03-02 00:00:00', NULL, 'nhận case về HV'),
(179, 2299, 14, '2017-03-03 00:00:00', '2017-03-13 00:00:00', 'nhận case về HV\r\n13/03/17: mất'),
(180, 2300, 1, '2017-03-03 00:00:00', '2017-03-13 00:00:00', 'nhận case về VC\r\n13/03/17: mất'),
(181, 2301, 14, '2017-03-03 00:00:00', NULL, 'nhận case về HV'),
(182, 2302, 12, '2017-03-03 00:00:00', '2017-03-05 00:00:00', 'nhận case lên Gaia'),
(183, 2303, 12, '2017-03-03 00:00:00', '2017-03-05 00:00:00', 'nhận case lên Gaia'),
(184, 2304, 1, '2017-03-03 00:00:00', '2017-03-20 00:00:00', 'nhận case lên VC\r\n20/03/17: mất'),
(185, 2306, 14, '2017-03-05 00:00:00', '2017-03-05 00:00:00', 'mất luôn'),
(186, 2307, 4, '2017-03-05 00:00:00', '2017-03-14 00:00:00', 'nhận case về Kim Ngưu'),
(187, 2308, 12, '2017-03-05 00:00:00', NULL, 'nhận case về Gaia'),
(188, 2255, 11, '2017-03-06 00:00:00', '2017-03-20 00:00:00', '06/03/17:phát GBC, lên AC'),
(189, 2309, 4, '2017-03-06 00:00:00', '2017-04-07 00:00:00', 'nhận case về Kim Ngưu'),
(190, 2310, 12, '2017-03-06 00:00:00', '2017-03-20 00:00:00', 'nhận case về Gaia'),
(191, 2311, 14, '2017-03-06 00:00:00', '2017-03-13 00:00:00', 'nhận case về Hanvet'),
(192, 2312, 5, '2017-03-06 00:00:00', '2017-03-13 00:00:00', 'nhận case về 2F\r\n13/03/17: mất'),
(193, 2313, 14, '2017-03-06 00:00:00', '2017-03-20 00:00:00', 'nhận case về HV\r\n20/03/17: mất'),
(194, 2315, 14, '2017-03-06 00:00:00', '2017-03-13 00:00:00', 'nhận case về HV\r\n13/03/17: mất'),
(195, 2314, 12, '2017-03-06 00:00:00', NULL, 'nhận case về Gaia'),
(196, 2317, 12, '2017-03-08 00:00:00', NULL, 'nhận case lên Gaia'),
(198, 2318, 14, '2017-03-08 00:00:00', '2017-03-19 00:00:00', 'nhận case về HV\r\n'),
(199, 2319, 14, '2017-03-08 00:00:00', NULL, 'nhận case về HV'),
(200, 2316, 12, '2017-03-08 00:00:00', '2017-03-14 00:00:00', 'nhận case về Gaia'),
(201, 2320, 14, '2017-03-08 00:00:00', NULL, 'nhận case về HV'),
(202, 2321, 14, '2017-03-08 00:00:00', NULL, 'nhận case về HV'),
(203, 2322, 4, '2017-03-08 00:00:00', '2017-03-09 00:00:00', 'nhận case về Kim Ngưu\r\n09/03/17: mất'),
(204, 2323, 1, '2017-03-08 00:00:00', '2017-03-13 00:00:00', 'nhận case về Văn Cao'),
(205, 2324, 1, '2017-03-08 00:00:00', NULL, 'nhận case vè VC'),
(206, 2325, 1, '2017-03-08 00:00:00', '2017-03-20 00:00:00', 'nhận case về VC\r\n20/03/17: mất'),
(207, 2326, 12, '2017-03-08 00:00:00', '2017-03-09 00:00:00', 'nhận case lên Gaia\r\nhôm sau mất'),
(208, 2327, 4, '2017-03-08 00:00:00', '2017-04-07 00:00:00', 'nhận case về Kim Ngưu'),
(209, 2308, 14, '2017-03-12 00:00:00', '2017-03-20 00:00:00', '12/03/17: phát GBC lên Hanvet\r\n20/03/17: mất'),
(210, 2302, 1, '2017-03-12 00:00:00', '2017-03-13 00:00:00', 'phát GBC, lên VC sau đó mất'),
(211, 2275, 14, '2017-03-13 00:00:00', '2017-03-20 00:00:00', '13/03/17: mèo mẹ phát GBC, lên HV'),
(212, 2328, 14, '2017-03-14 00:00:00', '2017-03-20 00:00:00', 'nhận case về HV'),
(213, 2329, 14, '2017-03-14 00:00:00', '2017-04-20 00:00:00', 'nhận case về HV'),
(214, 2330, 14, '2017-03-14 00:00:00', '2017-03-20 00:00:00', 'nhận case về HV'),
(215, 2334, 1, '2017-03-14 00:00:00', '2017-04-07 00:00:00', 'nhận case về VC'),
(216, 2335, 5, '2017-03-14 00:00:00', '2017-03-20 00:00:00', 'nhận case về 2F\r\n20/03/17: mất'),
(217, 2307, 12, '2017-03-14 00:00:00', '2017-04-30 00:00:00', '14/03/17: chuyển viện, lên Gaia'),
(218, 2305, 12, '2017-03-08 00:00:00', NULL, 'nhận case lên Gaia'),
(219, 2161, 5, '2017-03-14 00:00:00', '2017-04-11 00:00:00', '14/03/17: lên 2F'),
(220, 2337, 5, '2017-03-14 00:00:00', NULL, 'nhận case về 2F'),
(221, 2338, 12, '2017-03-16 00:00:00', '2017-04-07 00:00:00', 'nhận case về Gaia'),
(222, 2339, 4, '2017-03-16 00:00:00', '2017-04-07 00:00:00', 'nhận case về Kim Ngưu'),
(223, 2340, 14, '2017-03-18 00:00:00', '2017-04-07 00:00:00', 'nhận case về HV'),
(224, 2342, 12, '2017-03-18 00:00:00', '2017-03-18 00:00:00', 'mất luôn'),
(225, 2343, 14, '2017-03-18 00:00:00', '2017-03-18 00:00:00', 'yếu, mất luôn'),
(226, 2344, 12, '2017-03-18 00:00:00', '2017-03-22 00:00:00', 'nhận case về Gaia\r\n22/03/17: fos đón mèo về r nhận nuôi luôn'),
(227, 2345, 1, '2017-03-18 00:00:00', '2017-03-20 00:00:00', 'nhận case về Văn Cao\r\n20/03/17: mất'),
(228, 2346, 12, '2017-03-18 00:00:00', '2017-04-07 00:00:00', 'nhận case lên Gaia'),
(229, 2347, 14, '2017-03-18 00:00:00', '2017-04-07 00:00:00', 'nhận case về HV'),
(230, 2348, 14, '2017-03-20 00:00:00', '2017-03-25 00:00:00', 'nhận case về HV'),
(231, 2349, 12, '2017-03-20 00:00:00', '2017-03-20 00:00:00', 'nhận case về Gaia'),
(232, 2350, 12, '2017-03-20 00:00:00', NULL, 'nhận case về Gaia'),
(233, 2351, 5, '2017-03-20 00:00:00', '2017-03-22 00:00:00', 'nhận case về 2F\r\n'),
(234, 2352, 1, '2017-03-20 00:00:00', '2017-03-22 00:00:00', 'nhận case về VC\r\n22/03/17: mất'),
(235, 2331, 14, '2017-03-14 00:00:00', '2017-03-20 00:00:00', 'nhận case về HV'),
(236, 2318, 11, '2017-03-20 00:00:00', '2017-04-07 00:00:00', '20/03/17: phát GBC, lên AC'),
(237, 2226, 11, '2017-03-11 00:00:00', '2017-03-20 00:00:00', 'phát GBC, lên AC hôm nào đấy'),
(238, 2353, 14, '2017-03-19 00:00:00', '2017-03-20 00:00:00', 'nhận case về HV'),
(239, 2354, 6, '2017-03-21 00:00:00', '2017-04-30 00:00:00', 'nhận case về SP'),
(240, 2356, 14, '2017-03-22 00:00:00', '2017-04-07 00:00:00', 'nhận case về HV'),
(241, 2357, 5, '2017-03-22 00:00:00', '2017-04-07 00:00:00', 'nhận case về 2F'),
(242, 2358, 14, '2017-03-22 00:00:00', NULL, 'nhận case về HV'),
(243, 2359, 1, '2017-03-22 00:00:00', '2017-04-07 00:00:00', 'nhận case về VC\r\n07/04/17: update về nhà Phạm Ngân, sau đó yếu lên Kim Ngưu rồi mất'),
(244, 2360, 1, '2017-03-22 00:00:00', '2017-04-07 00:00:00', 'nhận case về Vc'),
(245, 2361, 12, '2017-03-22 00:00:00', '2017-04-07 00:00:00', 'nhận case về Gaia\r\n07/04/17: mất'),
(246, 2362, 1, '2017-03-22 00:00:00', '2017-04-07 00:00:00', 'nhận case về VC'),
(247, 2363, 5, '2017-03-22 00:00:00', '2017-03-22 00:00:00', 'nhận case về 2F'),
(248, 2328, 1, '2017-03-22 00:00:00', NULL, '22/03/17: phát GBC, lên VC'),
(249, 2364, 4, '2017-03-27 00:00:00', '2017-04-07 00:00:00', 'nhận case về Kim Ngưu'),
(250, 2365, 14, '2017-03-27 00:00:00', '2017-04-07 00:00:00', 'nhận case về HV'),
(251, 2366, 14, '2017-03-27 00:00:00', '2017-04-07 00:00:00', 'nhận case về HV\r\n07/04/17: mất'),
(252, 2368, 1, '2017-03-27 00:00:00', '2017-04-11 00:00:00', 'nhận case về Văn Cao'),
(253, 2369, 14, '2017-03-27 00:00:00', '2017-04-07 00:00:00', 'nhận case về HV\r\n07/04/2017: mất'),
(254, 2370, 1, '2017-03-27 00:00:00', '2017-04-07 00:00:00', 'nhận case về VC'),
(255, 2372, 1, '2017-03-29 00:00:00', '2017-03-29 00:00:00', 'chẳng biết sót case hôm nào @@, nhận case về VC'),
(256, 2373, 1, '2017-03-29 00:00:00', '2017-04-07 00:00:00', 'nhận case về VC\r\n07/04/17: mất'),
(257, 2374, 4, '2017-03-29 00:00:00', '2017-04-11 00:00:00', 'nhận case về Kim Ngưu'),
(258, 2375, 12, '2017-03-29 00:00:00', '2017-04-07 00:00:00', 'nhận case về Gaia'),
(259, 2376, 4, '2017-03-29 00:00:00', '2017-04-11 00:00:00', 'nhận case về Kim Ngưu'),
(260, 2377, 14, '2017-03-29 00:00:00', '2017-04-11 00:00:00', 'nhận case về HV'),
(261, 2378, 14, '2017-03-29 00:00:00', '2017-04-11 00:00:00', 'nhận case về HV'),
(262, 2379, 14, '2017-03-29 00:00:00', '2017-03-29 00:00:00', 'nhận case về HV'),
(263, 2380, 5, '2017-03-29 00:00:00', '2017-03-30 00:00:00', 'nhận case về 2F'),
(264, 2381, 1, '2017-03-30 00:00:00', '2017-04-07 00:00:00', 'nhận case về VC\r\n07/04/17: mất'),
(265, 2382, 1, '2017-03-30 00:00:00', '2017-04-07 00:00:00', 'nhận case về VC\r\n07/04/1: chủ nhận lại'),
(266, 2383, 1, '2017-03-30 00:00:00', '2017-04-07 00:00:00', 'nhận case về VC'),
(267, 2384, 12, '2017-03-30 00:00:00', '2017-04-11 00:00:00', 'nhận case về Gaia'),
(268, 2385, 14, '2017-03-30 00:00:00', '2017-04-30 00:00:00', 'nhận case về HV'),
(269, 2387, 1, '2017-03-30 00:00:00', '2017-04-11 00:00:00', 'nhận case về VC'),
(270, 2388, 4, '2017-03-30 00:00:00', NULL, 'nhận case về VC'),
(271, 2389, 12, '2017-03-30 00:00:00', '2017-04-30 00:00:00', 'nhận case về Gaia'),
(272, 2390, 12, '2017-03-30 00:00:00', '2017-04-01 00:00:00', 'nhận case về Gaia'),
(273, 2392, 14, '2017-04-01 00:00:00', '2017-04-07 00:00:00', 'nhận case về HV\r\n07/04/17: mất'),
(274, 2393, 4, '2017-04-01 00:00:00', NULL, 'nhận case về Kim Ngưu'),
(275, 2394, 4, '2017-04-01 00:00:00', '2017-04-30 00:00:00', 'nhận case lên Kim Ngưu'),
(276, 2395, 5, '2017-04-01 00:00:00', '2017-04-04 00:00:00', 'nhận case lên 2F\r\n04/04/17: mất'),
(277, 2396, 5, '2017-04-01 00:00:00', '2017-04-30 00:00:00', 'nhận case về 2F'),
(278, 2397, 5, '2017-04-01 00:00:00', '2017-04-11 00:00:00', 'nhận case lên 2F'),
(279, 2399, 14, '2017-04-03 00:00:00', '2017-04-30 00:00:00', 'nhận case về HV'),
(280, 2403, 12, '2017-04-07 00:00:00', '2017-04-11 00:00:00', 'nhận case về Gaia'),
(281, 2404, 14, '2017-04-07 00:00:00', '2017-04-11 00:00:00', 'nhận case về HV'),
(282, 2405, 4, '2017-04-07 00:00:00', '2017-04-30 00:00:00', 'nhận case về Kim Ngưu'),
(283, 2406, 1, '2017-04-06 00:00:00', '2017-04-07 00:00:00', 'nhận case về VC\r\nmất luôn hôm sau'),
(284, 2407, 12, '2017-04-06 00:00:00', '2017-04-07 00:00:00', 'nhận case về Gaia\r\n07/04/17: mất'),
(285, 2380, 11, '2017-04-07 00:00:00', '2017-04-30 00:00:00', '07/04/17: update bị GBC, lên AC'),
(286, 2362, 12, '2017-04-07 00:00:00', '2017-04-30 00:00:00', '07/04/17: update về nhà chung, sau đó yếu cho lên Gaia'),
(287, 2360, 12, '2017-04-07 00:00:00', '2017-04-30 00:00:00', '07/04/17: về nhà chung, sau đó yếu cho lên Gaia'),
(288, 2338, 15, '2017-04-07 00:00:00', '2017-05-15 00:00:00', '07/04/17: lên bà Vân châm cứu'),
(289, 2323, 12, '2017-04-03 00:00:00', '2017-04-07 00:00:00', 'sảy thai, lên Gaia phẫu thuật'),
(290, 2408, 14, '2017-04-01 00:00:00', '2017-04-11 00:00:00', 'nhận case về HV'),
(291, 2409, 1, '2017-04-08 00:00:00', '2017-04-30 00:00:00', 'nhận case về VC'),
(292, 2410, 14, '2017-04-08 00:00:00', '2017-04-11 00:00:00', 'nhận case về HV'),
(293, 2411, 12, '2017-04-08 00:00:00', '2017-04-30 00:00:00', 'nhận case về Gaia\r\n30/04/17: update bs ở Gaia nhận nuôi luôn'),
(294, 2412, 5, '2017-04-08 00:00:00', '2017-04-11 00:00:00', 'nhận case về 2F'),
(295, 2414, 14, '2017-04-08 00:00:00', '2017-04-30 00:00:00', 'nhận case về HV\r\n30/04/17: update chủ nhận về. tự thanh toán viện phí'),
(296, 2415, 4, '2017-04-08 00:00:00', '2017-04-11 00:00:00', 'nhận case về Kim Ngưu'),
(297, 2416, 4, '2017-04-08 00:00:00', '2017-04-11 00:00:00', 'nhận case về Kim Ngưu'),
(298, 2417, 14, '2017-04-08 00:00:00', '2017-04-30 00:00:00', 'nhận case về HV'),
(299, 2418, 5, '2017-04-08 00:00:00', '2017-04-30 00:00:00', 'nhận case về 2F\r\n30/04/17: update về nhà chung, phát GBC, mất'),
(300, 2421, 1, '2017-04-08 00:00:00', NULL, 'nhận case về Văn Cao'),
(301, 2422, 4, '2017-04-08 00:00:00', '2017-04-30 00:00:00', 'nhận case về Kim Ngưu'),
(302, 2423, 1, '2017-04-08 00:00:00', '2017-04-11 00:00:00', 'nhận case về VC'),
(303, 2424, 14, '2017-04-11 00:00:00', '2017-04-30 00:00:00', 'nhận case về HV'),
(304, 2425, 4, '2017-04-11 00:00:00', '2017-04-30 00:00:00', 'nhận case về Kim Ngưu'),
(305, 2427, 4, '2017-04-11 00:00:00', NULL, 'nhận về Kim Ngưu'),
(306, 2428, 14, '2017-04-11 00:00:00', '2017-04-30 00:00:00', 'nhận case về HV'),
(307, 2429, 5, '2017-04-11 00:00:00', '2017-05-15 00:00:00', 'nhận case về 2F\r\n30/04/17: mất 1, còn 1'),
(308, 2397, 15, '2017-04-11 00:00:00', NULL, '11/04/17: về bà Vân'),
(309, 2353, 14, '2017-04-11 00:00:00', '2017-04-30 00:00:00', '11/04/17: nôn, bỏ ăn, lên HV'),
(310, 2372, 1, '2017-04-11 00:00:00', NULL, '11/04/17: đi ỉa lên Văn Cao'),
(311, 2431, 14, '2017-04-18 00:00:00', '2017-05-15 00:00:00', 'nhận case về HV'),
(312, 2432, 5, '2017-04-18 00:00:00', NULL, 'nhận case về 2F'),
(313, 2434, 14, '2017-04-18 00:00:00', '2017-04-30 00:00:00', 'nhận case về HV'),
(314, 2435, 12, '2017-04-18 00:00:00', '2017-04-30 00:00:00', 'nhận case về Gaia'),
(315, 2437, 1, '2017-04-18 00:00:00', '2017-04-30 00:00:00', 'nhận case về VC'),
(316, 2438, 1, '2017-04-18 00:00:00', NULL, 'nhận case về VC'),
(317, 2440, 14, '2017-04-18 00:00:00', '2017-05-15 00:00:00', 'nhận case về HV'),
(318, 2441, 4, '2017-04-18 00:00:00', '2017-05-15 00:00:00', 'nhận case về Kim Ngưu'),
(319, 2442, 5, '2017-04-18 00:00:00', '2017-04-19 00:00:00', 'nhận case về 2F'),
(320, 2443, 14, '2017-04-23 00:00:00', '2017-05-15 00:00:00', 'nhận case về HV'),
(321, 2444, 4, '2017-04-22 00:00:00', '2017-04-23 00:00:00', 'nhận case về Kim Ngưu, mất ngay hôm sau'),
(322, 2445, 1, '2017-04-23 00:00:00', NULL, 'nhận case về VC'),
(325, 2448, 12, '2017-04-23 00:00:00', '2017-05-15 00:00:00', 'nhận case về Gaia'),
(326, 2449, 4, '2017-04-23 00:00:00', '2017-04-30 00:00:00', 'nhận case về Kim Ngưu'),
(327, 2451, 4, '2017-04-23 00:00:00', NULL, 'nhận case về Kim Ngưu'),
(328, 2453, 14, '2017-04-23 00:00:00', '2017-05-15 00:00:00', 'nhận case về HV'),
(329, 2454, 4, '2017-04-23 00:00:00', '2017-05-15 00:00:00', 'nhận case về Kim Ngưu'),
(330, 2456, 4, '2017-04-23 00:00:00', '2017-05-15 00:00:00', 'nhận case về Kim Ngưu'),
(331, 2457, 1, '2017-04-23 00:00:00', '2017-05-15 00:00:00', 'nhận case về VC'),
(332, 2458, 14, '2017-04-25 00:00:00', NULL, 'nhận case về HV'),
(333, 2460, 4, '2017-04-30 00:00:00', '2017-05-15 00:00:00', 'nhận case về Kim Ngưu'),
(334, 2461, 4, '2017-04-30 00:00:00', '2017-05-15 00:00:00', 'nhận case về Kim Ngưu'),
(335, 2462, 4, '2017-04-30 00:00:00', '2017-05-15 00:00:00', 'nhận case về Kim Ngưu'),
(336, 2463, 4, '2017-04-30 00:00:00', '2017-05-15 00:00:00', 'nhận case về Kim Ngưu'),
(337, 2464, 12, '2017-04-30 00:00:00', '2017-05-15 00:00:00', 'nhận case về Gaia'),
(338, 2465, 5, '2017-04-30 00:00:00', '2017-05-15 00:00:00', 'nhận case về 2F'),
(339, 2466, 5, '2017-04-30 00:00:00', '2017-05-15 00:00:00', 'nhận case về 2F'),
(340, 2467, 12, '2017-04-30 00:00:00', '2017-05-15 00:00:00', 'nhận case về Gaia'),
(341, 2468, 12, '2017-04-30 00:00:00', '2017-05-21 00:00:00', 'nhận case về Gaia'),
(342, 2469, 1, '2017-04-30 00:00:00', '2017-05-15 00:00:00', 'nhận case về VC'),
(343, 2470, 12, '2017-04-30 00:00:00', NULL, 'nhận case về Gaia (đàn 5 đứa, tách 2 đứa ở viện)'),
(344, 2472, 12, '2017-04-30 00:00:00', '2017-05-01 00:00:00', ''),
(345, 2473, 14, '2017-04-30 00:00:00', '2017-05-01 00:00:00', 'yếu, mất luôn hôm sau'),
(346, 2474, 12, '2017-04-30 00:00:00', NULL, 'nhận case về Gaia\r\n15/05/17: update còn 1 đứa'),
(347, 2476, 1, '2017-04-30 00:00:00', '2017-05-15 00:00:00', 'nhận case về VC'),
(348, 2477, 4, '2017-04-30 00:00:00', '2017-05-01 00:00:00', ''),
(349, 2478, 1, '2017-04-30 00:00:00', '2017-05-15 00:00:00', 'nhận case về VC'),
(350, 2479, 4, '2017-04-30 00:00:00', '2017-05-01 00:00:00', ''),
(351, 2442, 12, '2017-04-30 00:00:00', '2017-05-24 00:00:00', '30/04/17:  đi ỉa lên Gaia'),
(352, 2428, 15, '2017-04-30 00:00:00', NULL, '30/04/17: về bà Vân Nông nghiệp'),
(353, 2413, 12, '2017-04-08 00:00:00', '2017-04-30 00:00:00', ''),
(354, 2401, 1, '2017-04-03 00:00:00', '2017-04-30 00:00:00', 'nhận case về VC'),
(355, 2262, 1, '2017-04-30 00:00:00', '2017-05-15 00:00:00', '30/04/17: lên Văn Cao'),
(356, 2230, 12, '2017-04-30 00:00:00', NULL, '30/04/17: lên Gaia'),
(357, 2480, 12, '2017-05-02 00:00:00', '2017-05-15 00:00:00', 'nhận case về Gaia'),
(358, 2482, 4, '2017-05-02 00:00:00', '2017-05-15 00:00:00', 'nhận case về Kim Ngưu'),
(359, 2483, 14, '2017-05-02 00:00:00', '2017-05-15 00:00:00', 'nhận case về HV'),
(360, 2485, 1, '2017-05-02 00:00:00', '2017-05-15 00:00:00', 'nhận case về VC'),
(361, 2486, 4, '2017-05-02 00:00:00', '2017-05-24 00:00:00', 'nhận case về Kim Ngưu'),
(362, 2488, 14, '2017-05-02 00:00:00', '2017-05-15 00:00:00', 'nhận case về HV'),
(363, 2489, 14, '2017-05-02 00:00:00', '2017-05-15 00:00:00', 'nhận case về HV'),
(364, 2491, 4, '2017-05-05 00:00:00', '2017-05-15 00:00:00', 'nhận case về Kim Ngưu'),
(365, 2492, 12, '2017-05-05 00:00:00', '2017-05-15 00:00:00', 'nhận case về Gaia'),
(366, 2493, 12, '2017-05-05 00:00:00', NULL, 'nhận case về Gaia'),
(367, 2494, 4, '2017-05-05 00:00:00', '2017-05-15 00:00:00', 'nhận case về Kim Ngưu'),
(368, 2495, 4, '2017-05-05 00:00:00', '2017-05-21 00:00:00', 'nhận case về Kim Ngưu'),
(369, 2496, 14, '2017-05-05 00:00:00', '2017-05-15 00:00:00', 'nhận case về HV'),
(370, 2497, 12, '2017-05-06 00:00:00', '2017-05-21 00:00:00', 'nhận case về Gaia'),
(371, 2498, 1, '2017-05-06 00:00:00', '2017-05-21 00:00:00', 'nhận case về VC'),
(372, 2500, 14, '2017-05-06 00:00:00', NULL, 'nhận case về HV'),
(373, 2501, 12, '2017-05-06 00:00:00', '2017-05-15 00:00:00', 'nhận case về Gaia'),
(374, 2502, 12, '2017-05-06 00:00:00', '2017-05-24 00:00:00', 'nhận case về Gaia\r\n24/05: báo tin nhận nuôi'),
(375, 2503, 14, '2017-05-06 00:00:00', '2017-05-24 00:00:00', 'nhận case về HV\r\nmất 2 đứa'),
(376, 2504, 14, '2017-05-14 00:00:00', '2017-06-03 00:00:00', 'nhận case về HV'),
(377, 2505, 1, '2017-05-14 00:00:00', NULL, 'nhận case về Văn Cao'),
(378, 2506, 14, '2017-05-14 00:00:00', '2017-05-21 00:00:00', 'nhận case về HV'),
(379, 2507, 4, '2017-05-14 00:00:00', NULL, 'nhận case về Kim Ngưu'),
(380, 2508, 5, '2017-05-14 00:00:00', '2017-05-21 00:00:00', 'nhận case về 2F'),
(381, 2509, 14, '2017-05-14 00:00:00', NULL, 'nhận case về HV'),
(382, 2510, 1, '2017-05-14 00:00:00', '2017-05-21 00:00:00', 'nhận case về Văn Cao'),
(383, 2511, 1, '2017-05-14 00:00:00', '2017-05-24 00:00:00', 'nhận case về VC'),
(384, 2512, 12, '2017-05-14 00:00:00', NULL, 'nhận case về Gaia'),
(385, 2513, 12, '2017-05-14 00:00:00', '2017-05-21 00:00:00', 'nhận case về Gaia'),
(386, 2514, 14, '2017-05-14 00:00:00', '2017-05-24 00:00:00', 'nhận case về HV'),
(387, 2515, 12, '2017-05-14 00:00:00', '2017-05-21 00:00:00', 'nhận case về Gaia'),
(388, 2516, 12, '2017-05-14 00:00:00', '2017-05-24 00:00:00', 'nhận case về Gaia'),
(389, 2517, 5, '2017-05-14 00:00:00', '2017-06-03 00:00:00', 'nhận case về 2F'),
(390, 2518, 1, '2017-05-14 00:00:00', '2017-05-21 00:00:00', 'nhận case về VC'),
(391, 2519, 12, '2017-05-14 00:00:00', '2017-05-15 00:00:00', 'nhận case về Gaia\r\n15/05/17: mất'),
(392, 2496, 12, '2017-05-15 00:00:00', '2017-05-21 00:00:00', '15/05/17: lên Gaia'),
(393, 2520, 4, '2017-05-21 00:00:00', NULL, 'nhận case về Kim Ngưu'),
(394, 2521, 4, '2017-05-21 00:00:00', '2017-06-03 00:00:00', 'nhận case về Kim Ngưu'),
(395, 2522, 4, '2017-05-21 00:00:00', NULL, 'nhận case về Kim Ngưu'),
(396, 2523, 4, '2017-05-21 00:00:00', NULL, 'nhận case về Kim Ngưu'),
(397, 2524, 14, '2017-05-21 00:00:00', '2017-06-03 00:00:00', 'nhận case về HV\r\n03/06/17: mất vì GBC'),
(398, 2525, 14, '2017-05-21 00:00:00', '2017-06-03 00:00:00', 'nhận case về HV'),
(399, 2526, 12, '2017-05-21 00:00:00', '2017-05-26 00:00:00', 'nhận case về Gaia'),
(400, 2527, 12, '2017-05-21 00:00:00', NULL, 'nhận case về Gaia'),
(401, 2528, 12, '2017-05-21 00:00:00', NULL, 'nhận case về Gaia'),
(402, 2529, 14, '2017-05-21 00:00:00', '2017-06-03 00:00:00', 'nhận case về HV'),
(403, 2530, 4, '2017-05-21 00:00:00', '2017-06-03 00:00:00', 'nhận case về Kim Ngưu'),
(404, 2531, 14, '2017-05-21 00:00:00', '2017-06-03 00:00:00', 'nhận case về HV'),
(405, 2532, 1, '2017-05-21 00:00:00', NULL, 'nhận case về VC'),
(406, 2535, 14, '2017-05-24 00:00:00', '2017-06-03 00:00:00', 'nhận case về HV'),
(407, 2536, 12, '2017-05-24 00:00:00', '2017-06-03 00:00:00', 'nhận case về Gaia'),
(408, 2537, 4, '2017-05-24 00:00:00', NULL, 'nhận case về KN'),
(409, 2538, 4, '2017-05-24 00:00:00', '2017-06-03 00:00:00', 'nhận case về KN'),
(410, 2539, 14, '2017-05-24 00:00:00', NULL, 'nhận case về HV'),
(411, 2540, 12, '2017-05-24 00:00:00', NULL, 'nhận case về Gaia'),
(412, 2542, 1, '2017-05-24 00:00:00', '2017-06-03 00:00:00', 'nhận case về VC'),
(413, 2511, 12, '2017-05-24 00:00:00', NULL, '24/05/17: chuyển về Gaia'),
(414, 2486, 14, '2017-05-24 00:00:00', '2017-06-03 00:00:00', '24/05/17: GBC, lên HV'),
(415, 2543, 4, '2017-05-25 00:00:00', NULL, 'nhận case về Kim Ngưu'),
(416, 2545, 14, '2017-05-25 00:00:00', '2017-06-03 00:00:00', 'nhận case về HV'),
(417, 2546, 12, '2017-05-25 00:00:00', NULL, 'nhận case về Gaia'),
(418, 2547, 5, '2017-05-25 00:00:00', '2017-06-03 00:00:00', 'nhận case về 2F'),
(419, 2548, 14, '2017-05-25 00:00:00', NULL, 'nhận case về HV'),
(420, 2549, 12, '2017-05-25 00:00:00', NULL, 'nhận case về Gaia'),
(421, 2550, 12, '2017-05-25 00:00:00', NULL, 'nhận case về Gaia'),
(422, 2551, 1, '2017-05-25 00:00:00', '2017-06-03 00:00:00', 'nhận case về VC'),
(423, 2552, 1, '2017-05-25 00:00:00', '2017-06-03 00:00:00', 'nhận case về VC'),
(424, 2553, 1, '2017-05-25 00:00:00', '2017-06-03 00:00:00', 'nhận case về VC'),
(425, 2554, 12, '2017-05-25 00:00:00', '2017-06-03 00:00:00', 'nhận case về Gaia'),
(426, 2555, 5, '2017-05-25 00:00:00', '2017-06-03 00:00:00', 'nhận case về 2F'),
(427, 2556, 12, '2017-05-25 00:00:00', NULL, 'nhận case  về Gaia'),
(428, 2557, 15, '2017-06-03 00:00:00', NULL, ''),
(429, 2558, 12, '2017-06-03 00:00:00', NULL, ''),
(430, 2559, 1, '2017-06-03 00:00:00', NULL, ''),
(431, 2560, 4, '2017-06-03 00:00:00', NULL, ''),
(432, 2562, 14, '2017-06-03 00:00:00', NULL, ''),
(433, 2564, 1, '2017-06-03 00:00:00', NULL, ''),
(434, 2565, 5, '2017-06-03 00:00:00', NULL, ''),
(435, 2566, 4, '2017-06-03 00:00:00', NULL, ''),
(436, 2567, 12, '2017-06-03 00:00:00', NULL, ''),
(437, 2569, 14, '2017-06-03 00:00:00', NULL, ''),
(438, 2570, 14, '2017-06-03 00:00:00', NULL, ''),
(439, 2571, 5, '2017-06-03 00:00:00', NULL, '\r\n'),
(440, 2573, 1, '2017-06-11 00:00:00', NULL, ''),
(441, 2574, 1, '2017-06-11 00:00:00', NULL, ''),
(442, 2575, 4, '2017-06-11 00:00:00', NULL, ''),
(443, 2576, 14, '2017-06-11 00:00:00', NULL, ''),
(444, 2577, 14, '2017-06-11 00:00:00', NULL, ''),
(445, 2578, 14, '2017-06-11 00:00:00', NULL, ''),
(446, 2579, 12, '2017-06-11 00:00:00', NULL, ''),
(447, 2580, 14, '2017-06-11 00:00:00', NULL, ''),
(448, 2582, 12, '2017-06-11 00:00:00', NULL, ''),
(449, 2586, 14, '2017-06-12 00:00:00', NULL, ''),
(450, 2587, 1, '2017-06-12 00:00:00', NULL, ''),
(451, 2588, 14, '2017-07-02 00:00:00', NULL, 'nhận case về HV'),
(452, 2589, 12, '2017-07-02 00:00:00', NULL, 'nhận case về Gaia'),
(453, 2590, 1, '2017-07-02 00:00:00', NULL, 'nhận case về VC'),
(454, 2591, 4, '2017-07-02 00:00:00', NULL, 'nhận case về Kim Ngưu'),
(455, 2592, 14, '2017-07-02 00:00:00', NULL, 'nhận case về HV'),
(456, 2593, 4, '2017-07-02 00:00:00', NULL, 'nhận case về KN'),
(457, 2594, 4, '2017-07-02 00:00:00', NULL, 'nhận case về Kim Ngưu'),
(458, 2595, 5, '2017-07-02 00:00:00', NULL, 'nhận case về 2F'),
(459, 2596, 4, '2017-07-02 00:00:00', NULL, 'nhận case về Kim Ngưu'),
(460, 2597, 4, '2017-07-02 00:00:00', NULL, 'nhận case về Kim Ngưu'),
(461, 2598, 4, '2017-07-02 00:00:00', NULL, 'nhận case về Kim Ngưu'),
(462, 2599, 4, '2017-07-02 00:00:00', NULL, 'nhận  case về KN'),
(463, 2600, 14, '2017-07-02 00:00:00', NULL, 'nhận case về HV');

-- --------------------------------------------------------

--
-- Table structure for table `animal_hoster`
--

CREATE TABLE `animal_hoster` (
  `id` int(11) NOT NULL,
  `animal_id` int(11) DEFAULT NULL,
  `hoster_id` int(11) DEFAULT NULL,
  `input_date` datetime DEFAULT NULL,
  `output_date` datetime DEFAULT NULL,
  `note` text COLLATE utf8_bin
) ENGINE=InnoDB DEFAULT CHARSET=utf8 COLLATE=utf8_bin;

--
-- Dumping data for table `animal_hoster`
--

INSERT INTO `animal_hoster` (`id`, `animal_id`, `hoster_id`, `input_date`, `output_date`, `note`) VALUES
(2, 2150, 68, '2017-03-15 00:00:00', NULL, ''),
(3, 2170, 70, '2017-03-06 00:00:00', NULL, '06/03/17: có chủ'),
(4, 2151, 72, '2017-03-04 00:00:00', NULL, 'có chủ đón');

-- --------------------------------------------------------

--
-- Table structure for table `animal_image`
--

CREATE TABLE `animal_image` (
  `id` int(11) NOT NULL,
  `animal_id` int(11) NOT NULL,
  `file_name` varchar(300) COLLATE utf8_bin NOT NULL,
  `created_date` datetime DEFAULT NULL,
  `hospital_id` int(11) DEFAULT NULL,
  `foster_id` int(11) DEFAULT NULL,
  `host_id` int(11) DEFAULT NULL,
  `transporter_id` int(11) DEFAULT NULL,
  `created_by` int(11) DEFAULT NULL
) ENGINE=InnoDB DEFAULT CHARSET=utf8 COLLATE=utf8_bin;

--
-- Dumping data for table `animal_image`
--

INSERT INTO `animal_image` (`id`, `animal_id`, `file_name`, `created_date`, `hospital_id`, `foster_id`, `host_id`, `transporter_id`, `created_by`) VALUES
(3, 2, '1488210959658-2126.jpg', '2017-02-27 22:55:59', NULL, NULL, NULL, NULL, 6),
(4, 2127, '1488215718981-2127.jpg', '2017-02-28 00:15:18', NULL, NULL, NULL, NULL, 6),
(5, 2128, '1488242490166-2128.jpg', '2017-02-28 07:41:30', NULL, NULL, NULL, NULL, 6),
(6, 2129, '1488242616421-2129.jpg', '2017-02-28 07:43:36', NULL, NULL, NULL, NULL, 6),
(7, 2130, '1488242824437-2130.jpg', '2017-02-28 07:47:04', NULL, NULL, NULL, NULL, 6),
(8, 2132, '1488296464360-2132.jpg', '2017-02-28 22:41:04', NULL, NULL, NULL, NULL, 6),
(9, 2133, '1488296583042-2133.jpg', '2017-02-28 22:43:03', NULL, NULL, NULL, NULL, 6),
(10, 2134, '1488296661971-2134.jpg', '2017-02-28 22:44:21', NULL, NULL, NULL, NULL, 6),
(11, 2135, '1488297084643-2135.jpg', '2017-02-28 22:51:24', NULL, NULL, NULL, NULL, 6),
(12, 2136, '1488297267268-2136.jpg', '2017-02-28 22:54:27', NULL, NULL, NULL, NULL, 6),
(13, 2137, '1488297395369-2137.jpg', '2017-02-28 22:56:35', NULL, NULL, NULL, NULL, 6),
(15, 2140, '1488297758988-2140.jpg', '2017-02-28 23:02:38', NULL, NULL, NULL, NULL, 6),
(16, 2141, '1488297896429-2141.jpg', '2017-02-28 23:04:56', NULL, NULL, NULL, NULL, 6),
(17, 2142, '1488298040097-2142.jpg', '2017-02-28 23:07:20', NULL, NULL, NULL, NULL, 6),
(18, 2143, '1488298303226-2143.jpg', '2017-02-28 23:11:43', NULL, NULL, NULL, NULL, 6),
(19, 2144, '1488298510084-2144.jpg', '2017-02-28 23:15:10', NULL, NULL, NULL, NULL, 6),
(20, 2145, '1488337001013-2145.jpg', '2017-03-01 09:56:41', NULL, NULL, NULL, NULL, 6),
(21, 2146, '1488337147315-2146.jpg', '2017-03-01 09:59:07', NULL, NULL, NULL, NULL, 6),
(22, 2148, '1488337489526-2148.jpg', '2017-03-01 10:04:49', NULL, NULL, NULL, NULL, 6),
(23, 2150, '1488338938895-2150.jpg', '2017-03-01 10:28:58', NULL, NULL, NULL, NULL, 6),
(24, 2151, '1488339225627-2151.jpg', '2017-03-01 10:33:45', NULL, NULL, NULL, NULL, 6),
(25, 2152, '1488340114888-2152.jpg', '2017-03-01 10:48:34', NULL, NULL, NULL, NULL, 6),
(26, 2153, '1488340271908-2153.jpg', '2017-03-01 10:51:11', NULL, NULL, NULL, NULL, 6),
(27, 2154, '1488340536625-2154.jpg', '2017-03-01 10:55:36', NULL, NULL, NULL, NULL, 6),
(28, 2155, '1488341064449-2155.jpg', '2017-03-01 11:04:24', NULL, NULL, NULL, NULL, 6),
(29, 2156, '1488341438032-2156.jpg', '2017-03-01 11:10:38', NULL, NULL, NULL, NULL, 6),
(30, 2157, '1488341705124-2157.jpg', '2017-03-01 11:15:05', NULL, NULL, NULL, NULL, 6),
(31, 2158, '1488341851892-2158.jpg', '2017-03-01 11:17:31', NULL, NULL, NULL, NULL, 6),
(32, 2159, '1488341963146-2159.jpg', '2017-03-01 11:19:23', NULL, NULL, NULL, NULL, 6),
(33, 2161, '1488342834002-2161.jpg', '2017-03-01 11:33:54', NULL, NULL, NULL, NULL, 6),
(34, 2162, '1488343070214-2162.jpg', '2017-03-01 11:37:50', NULL, NULL, NULL, NULL, 6),
(35, 2163, '1488343231324-2163.jpg', '2017-03-01 11:40:31', NULL, NULL, NULL, NULL, 6),
(36, 2164, '1488343361119-2164.jpg', '2017-03-01 11:42:41', NULL, NULL, NULL, NULL, 6),
(37, 2165, '1488343580723-2165.jpg', '2017-03-01 11:46:20', NULL, NULL, NULL, NULL, 6),
(38, 2166, '1488343786112-2166.jpg', '2017-03-01 11:49:46', NULL, NULL, NULL, NULL, 6),
(39, 2196, '1488700016470-2196.jpg', '2017-03-05 14:46:56', NULL, NULL, NULL, NULL, 6),
(40, 2196, '1488700028967-2196 1.jpg', '2017-03-05 14:47:08', NULL, NULL, NULL, NULL, 6),
(41, 2197, '1488700128373-2197.jpg', '2017-03-05 14:48:48', NULL, NULL, NULL, NULL, 6),
(42, 2198, '1488700317937-2198.jpg', '2017-03-05 14:51:57', NULL, NULL, NULL, NULL, 6),
(43, 2199, '1488700409349-2199.jpg', '2017-03-05 14:53:29', NULL, NULL, NULL, NULL, 6),
(44, 2200, '1488700548128-2200.jpg', '2017-03-05 14:55:48', NULL, NULL, NULL, NULL, 6),
(45, 2201, '1488701249799-2201.jpg', '2017-03-05 15:07:29', NULL, NULL, NULL, NULL, 6),
(46, 2202, '1488701359305-2202.jpg', '2017-03-05 15:09:19', NULL, NULL, NULL, NULL, 6),
(47, 2203, '1488701474061-2203.jpg', '2017-03-05 15:11:14', NULL, NULL, NULL, NULL, 6),
(48, 2204, '1488701765787-2204.jpg', '2017-03-05 15:16:05', NULL, NULL, NULL, NULL, 6),
(49, 2205, '1488701958686-2205.jpg', '2017-03-05 15:19:18', NULL, NULL, NULL, NULL, 6),
(50, 2206, '1488702076554-2206.jpg', '2017-03-05 15:21:16', NULL, NULL, NULL, NULL, 6),
(51, 2207, '1488702180641-2207.jpg', '2017-03-05 15:23:00', NULL, NULL, NULL, NULL, 6),
(52, 2208, '1488702394210-2208.jpg', '2017-03-05 15:26:34', NULL, NULL, NULL, NULL, 6),
(53, 2209, '1488702504744-2209.jpg', '2017-03-05 15:28:24', NULL, NULL, NULL, NULL, 6),
(54, 2210, '1488702609818-2210.jpg', '2017-03-05 15:30:09', NULL, NULL, NULL, NULL, 6),
(55, 2211, '1488702681127-2211.jpg', '2017-03-05 15:31:21', NULL, NULL, NULL, NULL, 6),
(56, 2212, '1488702904678-2212.jpg', '2017-03-05 15:35:04', NULL, NULL, NULL, NULL, 6),
(57, 2213, '1488703092817-2213.jpg', '2017-03-05 15:38:12', NULL, NULL, NULL, NULL, 6),
(58, 2214, '1488703199279-2214.jpg', '2017-03-05 15:39:59', NULL, NULL, NULL, NULL, 6),
(59, 2215, '1488703281904-2215.jpg', '2017-03-05 15:41:21', NULL, NULL, NULL, NULL, 6),
(60, 2216, '1488703419224-2216.jpg', '2017-03-05 15:43:39', NULL, NULL, NULL, NULL, 6),
(61, 2217, '1488703491142-2217.jpg', '2017-03-05 15:44:51', NULL, NULL, NULL, NULL, 6),
(62, 2218, '1488703563659-2218.jpg', '2017-03-05 15:46:03', NULL, NULL, NULL, NULL, 6),
(63, 2219, '1488703665924-2219.jpg', '2017-03-05 15:47:45', NULL, NULL, NULL, NULL, 6),
(64, 2220, '1488703787353-2220.jpg', '2017-03-05 15:49:47', NULL, NULL, NULL, NULL, 6),
(65, 2221, '1488703881320-2221.jpg', '2017-03-05 15:51:21', NULL, NULL, NULL, NULL, 6),
(66, 2222, '1488703943008-2222.jpg', '2017-03-05 15:52:23', NULL, NULL, NULL, NULL, 6),
(67, 2223, '1488704038306-2223.jpg', '2017-03-05 15:53:58', NULL, NULL, NULL, NULL, 6),
(68, 2224, '1488704194967-2224.jpg', '2017-03-05 15:56:34', NULL, NULL, NULL, NULL, 6),
(69, 2225, '1488704263361-2225.jpg', '2017-03-05 15:57:43', NULL, NULL, NULL, NULL, 6),
(71, 2226, '1488704377193-2226.jpg', '2017-03-05 15:59:37', NULL, NULL, NULL, NULL, 6),
(72, 2227, '1488704480442-2227.jpg', '2017-03-05 16:01:20', NULL, NULL, NULL, NULL, 6),
(73, 2228, '1488704639194-2228.jpg', '2017-03-05 16:03:59', NULL, NULL, NULL, NULL, 6),
(74, 2229, '1488704696241-2229.jpg', '2017-03-05 16:04:56', NULL, NULL, NULL, NULL, 6),
(75, 2230, '1488704798519-2230.jpg', '2017-03-05 16:06:38', NULL, NULL, NULL, NULL, 6),
(76, 2231, '1488714231247-2231.jpg', '2017-03-05 18:43:51', NULL, NULL, NULL, NULL, 6),
(77, 2232, '1488714294924-2232.jpg', '2017-03-05 18:44:54', NULL, NULL, NULL, NULL, 6),
(78, 2233, '1488714676285-2233.jpg', '2017-03-05 18:51:16', NULL, NULL, NULL, NULL, 6),
(79, 2234, '1488732214178-2234.jpg', '2017-03-05 23:43:34', NULL, NULL, NULL, NULL, 6),
(80, 2235, '1488732980690-2235.jpg', '2017-03-05 23:56:20', NULL, NULL, NULL, NULL, 6),
(81, 2248, '1488977862758-2248.jpg', '2017-03-08 19:57:42', NULL, NULL, NULL, NULL, 6),
(82, 2249, '1488979357616-2249.jpg', '2017-03-08 20:22:37', NULL, NULL, NULL, NULL, 6),
(83, 2250, '1488979485289-2250.jpg', '2017-03-08 20:24:45', NULL, NULL, NULL, NULL, 6),
(84, 2250, '1488979496382-2250 1.jpg', '2017-03-08 20:24:56', NULL, NULL, NULL, NULL, 6),
(85, 2247, '1488979589369-2247.jpg', '2017-03-08 20:26:29', NULL, NULL, NULL, NULL, 6),
(86, 2246, '1488979600916-2246.jpg', '2017-03-08 20:26:40', NULL, NULL, NULL, NULL, 6),
(87, 2245, '1488979616683-2245.jpg', '2017-03-08 20:26:56', NULL, NULL, NULL, NULL, 6),
(88, 2244, '1488979628038-2244.jpg', '2017-03-08 20:27:08', NULL, NULL, NULL, NULL, 6),
(89, 2243, '1488979640175-2243.jpg', '2017-03-08 20:27:20', NULL, NULL, NULL, NULL, 6),
(90, 2242, '1488979946834-2242.jpg', '2017-03-08 20:32:26', NULL, NULL, NULL, NULL, 6),
(91, 2241, '1488979962464-2241.jpg', '2017-03-08 20:32:42', NULL, NULL, NULL, NULL, 6),
(92, 2240, '1488979973634-2240.jpg', '2017-03-08 20:32:53', NULL, NULL, NULL, NULL, 6),
(93, 2239, '1488979992411-2239.jpg', '2017-03-08 20:33:12', NULL, NULL, NULL, NULL, 6),
(94, 2238, '1488980002699-2238.jpg', '2017-03-08 20:33:22', NULL, NULL, NULL, NULL, 6),
(95, 2237, '1488980012883-2237.jpg', '2017-03-08 20:33:32', NULL, NULL, NULL, NULL, 6),
(96, 2236, '1488980025305-2236.jpg', '2017-03-08 20:33:45', NULL, NULL, NULL, NULL, 6),
(97, 2131, '1488980149380-2231.jpg', '2017-03-08 20:35:49', NULL, NULL, NULL, NULL, 6),
(99, 2139, '1488980294244-2139.jpg', '2017-03-08 20:38:14', NULL, NULL, NULL, NULL, 6),
(100, 2160, '1488980834748-2160.jpg', '2017-03-08 20:47:14', NULL, NULL, NULL, NULL, 6),
(101, 2167, '1488980896336-2167.jpg', '2017-03-08 20:48:16', NULL, NULL, NULL, NULL, 6),
(102, 2168, '1488980909181-2168.jpg', '2017-03-08 20:48:29', NULL, NULL, NULL, NULL, 6),
(103, 2169, '1488980923220-2169.jpg', '2017-03-08 20:48:43', NULL, NULL, NULL, NULL, 6),
(104, 2170, '1488980938891-2170.jpg', '2017-03-08 20:48:58', NULL, NULL, NULL, NULL, 6),
(105, 2171, '1488980951928-2171.jpg', '2017-03-08 20:49:11', NULL, NULL, NULL, NULL, 6),
(106, 2172, '1488980962944-2172.jpg', '2017-03-08 20:49:22', NULL, NULL, NULL, NULL, 6),
(107, 2173, '1488980972392-2173.jpg', '2017-03-08 20:49:32', NULL, NULL, NULL, NULL, 6),
(108, 2174, '1488980980950-2174.jpg', '2017-03-08 20:49:40', NULL, NULL, NULL, NULL, 6),
(109, 2176, '1488981008781-2176.jpg', '2017-03-08 20:50:08', NULL, NULL, NULL, NULL, 6),
(110, 2178, '1488981029397-2178.jpg', '2017-03-08 20:50:29', NULL, NULL, NULL, NULL, 6),
(111, 2179, '1488981039145-2179.jpg', '2017-03-08 20:50:39', NULL, NULL, NULL, NULL, 6),
(112, 2180, '1488981049228-2180.jpg', '2017-03-08 20:50:49', NULL, NULL, NULL, NULL, 6),
(113, 2181, '1488981057721-2181.jpg', '2017-03-08 20:50:57', NULL, NULL, NULL, NULL, 6),
(114, 2182, '1488981066207-2182.jpg', '2017-03-08 20:51:06', NULL, NULL, NULL, NULL, 6),
(115, 2183, '1488981078071-2183.jpg', '2017-03-08 20:51:18', NULL, NULL, NULL, NULL, 6),
(116, 2183, '1488981086536-2183 1.jpg', '2017-03-08 20:51:26', NULL, NULL, NULL, NULL, 6),
(117, 2184, '1488981095090-2184.jpg', '2017-03-08 20:51:35', NULL, NULL, NULL, NULL, 6),
(118, 2185, '1488981109141-2185.jpg', '2017-03-08 20:51:49', NULL, NULL, NULL, NULL, 6),
(119, 2186, '1488981119238-2186.jpg', '2017-03-08 20:51:59', NULL, NULL, NULL, NULL, 6),
(120, 2188, '1488981144034-2188.jpg', '2017-03-08 20:52:24', NULL, NULL, NULL, NULL, 6),
(121, 2189, '1488981158459-2189.jpg', '2017-03-08 20:52:38', NULL, NULL, NULL, NULL, 6),
(122, 2190, '1488981181233-2190.jpg', '2017-03-08 20:53:01', NULL, NULL, NULL, NULL, 6),
(123, 2192, '1488981201742-2192.jpg', '2017-03-08 20:53:21', NULL, NULL, NULL, NULL, 6),
(124, 2193, '1488981210334-2193.jpg', '2017-03-08 20:53:30', NULL, NULL, NULL, NULL, 6),
(125, 2194, '1488981219026-2194.jpg', '2017-03-08 20:53:39', NULL, NULL, NULL, NULL, 6),
(126, 2195, '1488981226825-2195.jpg', '2017-03-08 20:53:46', NULL, NULL, NULL, NULL, 6),
(127, 2252, '1488981669926-2252.jpg', '2017-03-08 21:01:09', NULL, NULL, NULL, NULL, 6),
(128, 2253, '1488981945225-2253.jpg', '2017-03-08 21:05:45', NULL, NULL, NULL, NULL, 6),
(129, 2254, '1488982029086-2254.jpg', '2017-03-08 21:07:09', NULL, NULL, NULL, NULL, 6),
(130, 2255, '1488982196064-2255.jpg', '2017-03-08 21:09:56', NULL, NULL, NULL, NULL, 6),
(131, 2256, '1488982306580-2256.jpg', '2017-03-08 21:11:46', NULL, NULL, NULL, NULL, 6),
(132, 2257, '1488982465386-2257.jpg', '2017-03-08 21:14:25', NULL, NULL, NULL, NULL, 6),
(133, 2258, '1488982592394-2258.jpg', '2017-03-08 21:16:32', NULL, NULL, NULL, NULL, 6),
(134, 2259, '1488983615065-2259.jpg', '2017-03-08 21:33:35', NULL, NULL, NULL, NULL, 6),
(135, 2260, '1488983698070-2260.jpg', '2017-03-08 21:34:58', NULL, NULL, NULL, NULL, 6),
(136, 2261, '1488983863725-2261.jpg', '2017-03-08 21:37:43', NULL, NULL, NULL, NULL, 6),
(137, 2262, '1488983984084-2262.jpg', '2017-03-08 21:39:44', NULL, NULL, NULL, NULL, 6),
(138, 2263, '1488984175513-2263.jpg', '2017-03-08 21:42:55', NULL, NULL, NULL, NULL, 6),
(139, 2264, '1488984269383-2264.jpg', '2017-03-08 21:44:29', NULL, NULL, NULL, NULL, 6),
(140, 2265, '1488984380052-2265.jpg', '2017-03-08 21:46:20', NULL, NULL, NULL, NULL, 6),
(141, 2266, '1488984482534-2266.jpg', '2017-03-08 21:48:02', NULL, NULL, NULL, NULL, 6),
(142, 2268, '1488984968731-2268.jpg', '2017-03-08 21:56:08', NULL, NULL, NULL, NULL, 6),
(143, 2269, '1488985164131-2269.jpg', '2017-03-08 21:59:24', NULL, NULL, NULL, NULL, 6),
(144, 2270, '1488985289997-2270.jpg', '2017-03-08 22:01:29', NULL, NULL, NULL, NULL, 6),
(145, 2271, '1488985406773-2271.jpg', '2017-03-08 22:03:26', NULL, NULL, NULL, NULL, 6),
(146, 2272, '1488985548314-2272.jpg', '2017-03-08 22:05:48', NULL, NULL, NULL, NULL, 6),
(147, 2273, '1488985770358-2273.jpg', '2017-03-08 22:09:30', NULL, NULL, NULL, NULL, 6),
(148, 2274, '1488985907458-2274.jpg', '2017-03-08 22:11:47', NULL, NULL, NULL, NULL, 6),
(149, 2275, '1488986106056-2275.jpg', '2017-03-08 22:15:06', NULL, NULL, NULL, NULL, 6),
(150, 2276, '1488986171949-2276.jpg', '2017-03-08 22:16:11', NULL, NULL, NULL, NULL, 6),
(151, 2277, '1488986250936-2277.jpg', '2017-03-08 22:17:30', NULL, NULL, NULL, NULL, 6),
(152, 2278, '1488986390473-2278.jpg', '2017-03-08 22:19:50', NULL, NULL, NULL, NULL, 6),
(153, 2281, '1488986784937-2281.jpg', '2017-03-08 22:26:24', NULL, NULL, NULL, NULL, 6),
(154, 2282, '1488986883426-2282.jpg', '2017-03-08 22:28:03', NULL, NULL, NULL, NULL, 6),
(155, 2283, '1488986977452-2283.jpg', '2017-03-08 22:29:37', NULL, NULL, NULL, NULL, 6),
(156, 2284, '1488987209068-2284.jpg', '2017-03-08 22:33:29', NULL, NULL, NULL, NULL, 6),
(157, 2285, '1488987353177-2285.jpg', '2017-03-08 22:35:53', NULL, NULL, NULL, NULL, 6),
(158, 2287, '1488987750232-2287.jpg', '2017-03-08 22:42:30', NULL, NULL, NULL, NULL, 6),
(159, 2288, '1488987828554-2288.jpg', '2017-03-08 22:43:48', NULL, NULL, NULL, NULL, 6),
(160, 2289, '1488987943754-2289.jpg', '2017-03-08 22:45:43', NULL, NULL, NULL, NULL, 6),
(161, 2290, '1488988122369-2290.jpg', '2017-03-08 22:48:42', NULL, NULL, NULL, NULL, 6),
(162, 2291, '1488988481930-2291.jpg', '2017-03-08 22:54:41', NULL, NULL, NULL, NULL, 6),
(163, 2292, '1488988752092-2292.jpg', '2017-03-08 22:59:12', NULL, NULL, NULL, NULL, 6),
(164, 2293, '1488989081394-2293.jpg', '2017-03-08 23:04:41', NULL, NULL, NULL, NULL, 6),
(165, 2294, '1488989327960-2294.jpg', '2017-03-08 23:08:47', NULL, NULL, NULL, NULL, 6),
(166, 2295, '1488989517902-2295.jpg', '2017-03-08 23:11:57', NULL, NULL, NULL, NULL, 6),
(167, 2296, '1488989693993-2296.jpg', '2017-03-08 23:14:53', NULL, NULL, NULL, NULL, 6),
(168, 2298, '1489068985633-2298.jpg', '2017-03-09 21:16:25', NULL, NULL, NULL, NULL, 6),
(169, 2299, '1489069096313-2299.jpg', '2017-03-09 21:18:16', NULL, NULL, NULL, NULL, 6),
(170, 2300, '1489069273900-2300.jpg', '2017-03-09 21:21:13', NULL, NULL, NULL, NULL, 6),
(171, 2301, '1489069362119-2301.jpg', '2017-03-09 21:22:42', NULL, NULL, NULL, NULL, 6),
(172, 2302, '1489069432397-2302.jpg', '2017-03-09 21:23:52', NULL, NULL, NULL, NULL, 6),
(173, 2303, '1489069544449-2303.jpg', '2017-03-09 21:25:44', NULL, NULL, NULL, NULL, 6),
(174, 2304, '1489069742252-2304.jpg', '2017-03-09 21:29:02', NULL, NULL, NULL, NULL, 6),
(175, 2306, '1489069875618-2306.jpg', '2017-03-09 21:31:15', NULL, NULL, NULL, NULL, 6),
(176, 2255, '1489070641113-2255 1.jpg', '2017-03-09 21:44:01', NULL, NULL, NULL, NULL, 6),
(177, 2309, '1489070911517-2309.jpg', '2017-03-09 21:48:31', NULL, NULL, NULL, NULL, 6),
(178, 2310, '1489071145704-2310.jpg', '2017-03-09 21:52:25', NULL, NULL, NULL, NULL, 6),
(179, 2312, '1489071538466-2312.jpg', '2017-03-09 21:58:58', NULL, NULL, NULL, NULL, 6),
(180, 2313, '1489071681019-2313.jpg', '2017-03-09 22:01:21', NULL, NULL, NULL, NULL, 6),
(182, 2315, '1489072168413-2315.jpg', '2017-03-09 22:09:28', NULL, NULL, NULL, NULL, 6),
(183, 2314, '1489072241587-2314.jpg', '2017-03-09 22:10:41', NULL, NULL, NULL, NULL, 6),
(186, 2318, '1489719528328-2318.jpg', '2017-03-17 09:58:48', NULL, NULL, NULL, NULL, 6),
(187, 2317, '1489719603151-2317.jpg', '2017-03-17 10:00:03', NULL, NULL, NULL, NULL, 6),
(188, 2319, '1489719673369-2319.jpg', '2017-03-17 10:01:13', NULL, NULL, NULL, NULL, 6),
(189, 2316, '1489719811636-2316.jpg', '2017-03-17 10:03:31', NULL, NULL, NULL, NULL, 6),
(190, 2320, '1489719902537-2320.jpg', '2017-03-17 10:05:02', NULL, NULL, NULL, NULL, 6),
(191, 2321, '1489719994036-2321.jpg', '2017-03-17 10:06:34', NULL, NULL, NULL, NULL, 6),
(192, 2322, '1489720071880-2322.jpg', '2017-03-17 10:07:51', NULL, NULL, NULL, NULL, 6),
(193, 2323, '1489720162932-2323.jpg', '2017-03-17 10:09:22', NULL, NULL, NULL, NULL, 6),
(194, 2324, '1489720285140-2324.jpg', '2017-03-17 10:11:25', NULL, NULL, NULL, NULL, 6),
(195, 2327, '1489720524687-2327.jpg', '2017-03-17 10:15:24', NULL, NULL, NULL, NULL, 6),
(196, 2311, '1489720577992-2311.jpg', '2017-03-17 10:16:17', NULL, NULL, NULL, NULL, 6),
(197, 2310, '1489720624982-2310.jpg', '2017-03-17 10:17:05', NULL, NULL, NULL, NULL, 6),
(198, 2305, '1489720647140-2305.jpg', '2017-03-17 10:17:27', NULL, NULL, NULL, NULL, 6),
(199, 2307, '1489720664180-2307.jpg', '2017-03-17 10:17:44', NULL, NULL, NULL, NULL, 6),
(200, 2308, '1489720687618-2308.jpg', '2017-03-17 10:18:07', NULL, NULL, NULL, NULL, 6),
(201, 2233, '1489721672926-2233.jpg', '2017-03-17 10:34:32', NULL, NULL, NULL, NULL, 6),
(202, 2328, '1489721776886-2328.jpg', '2017-03-17 10:36:16', NULL, NULL, NULL, NULL, 6),
(203, 2329, '1489721853944-2329.jpg', '2017-03-17 10:37:33', NULL, NULL, NULL, NULL, 6),
(204, 2330, '1489721930903-2330.jpg', '2017-03-17 10:38:50', NULL, NULL, NULL, NULL, 6),
(205, 2331, '1489722047903-2331.jpg', '2017-03-17 10:40:47', NULL, NULL, NULL, NULL, 6),
(206, 2332, '1489749120595-2332.jpg', '2017-03-17 18:12:00', NULL, NULL, NULL, NULL, 6),
(207, 2333, '1489806477952-2333.jpg', '2017-03-18 10:07:57', NULL, NULL, NULL, NULL, 6),
(208, 2334, '1489806562882-2334.jpg', '2017-03-18 10:09:22', NULL, NULL, NULL, NULL, 6),
(209, 2336, '1489807112412-2336.jpg', '2017-03-18 10:18:32', NULL, NULL, NULL, NULL, 6),
(210, 2337, '1489808068311-2337.jpg', '2017-03-18 10:34:28', NULL, NULL, NULL, NULL, 6),
(211, 2338, '1489808170711-2338.jpg', '2017-03-18 10:36:10', NULL, NULL, NULL, NULL, 6),
(212, 2340, '1489895881118-2340.jpg', '2017-03-19 10:58:01', NULL, NULL, NULL, NULL, 6),
(213, 2341, '1489974842125-2341.jpg', '2017-03-20 08:54:02', NULL, NULL, NULL, NULL, 6),
(214, 2342, '1489974950125-2342.jpg', '2017-03-20 08:55:50', NULL, NULL, NULL, NULL, 6),
(215, 2344, '1489975103450-2344.jpg', '2017-03-20 08:58:23', NULL, NULL, NULL, NULL, 6),
(216, 2345, '1489975182990-2345.jpg', '2017-03-20 08:59:42', NULL, NULL, NULL, NULL, 6),
(217, 2346, '1489975263324-2346.jpg', '2017-03-20 09:01:03', NULL, NULL, NULL, NULL, 6),
(218, 2346, '1489975278190-2346 1.jpg', '2017-03-20 09:01:18', NULL, NULL, NULL, NULL, 6),
(219, 2347, '1489975353236-2347.jpg', '2017-03-20 09:02:33', NULL, NULL, NULL, NULL, 6),
(220, 2348, '1490060154598-2348.jpg', '2017-03-21 08:35:54', NULL, NULL, NULL, NULL, 6),
(221, 2349, '1490060310714-2349.jpg', '2017-03-21 08:38:30', NULL, NULL, NULL, NULL, 6),
(222, 2350, '1490060442975-2350.jpg', '2017-03-21 08:40:42', NULL, NULL, NULL, NULL, 6),
(223, 2351, '1490060549981-2351.jpg', '2017-03-21 08:42:29', NULL, NULL, NULL, NULL, 6),
(224, 2352, '1490060721800-2352.jpg', '2017-03-21 08:45:21', NULL, NULL, NULL, NULL, 6),
(225, 2325, '1490061316623-2325.jpg', '2017-03-21 08:55:16', NULL, NULL, NULL, NULL, 6),
(226, 2275, '1490062318076-2275.jpg', '2017-03-21 09:11:58', NULL, NULL, NULL, NULL, 6),
(227, 2353, '1490063789086-2353.jpg', '2017-03-21 09:36:29', NULL, NULL, NULL, NULL, 6),
(228, 2355, '1490233346881-2355.jpg', '2017-03-23 08:42:26', NULL, NULL, NULL, NULL, 6),
(229, 2354, '1490233533934-2354.jpg', '2017-03-23 08:45:33', NULL, NULL, NULL, NULL, 6),
(230, 2358, '1490233784652-2358.jpg', '2017-03-23 08:49:44', NULL, NULL, NULL, NULL, 6),
(231, 2359, '1490233846768-2359.jpg', '2017-03-23 08:50:46', NULL, NULL, NULL, NULL, 6),
(232, 2360, '1490233918321-2360.jpg', '2017-03-23 08:51:58', NULL, NULL, NULL, NULL, 6),
(233, 2361, '1490233970074-2361.jpg', '2017-03-23 08:52:50', NULL, NULL, NULL, NULL, 6),
(234, 2362, '1490234066292-2362.jpg', '2017-03-23 08:54:26', NULL, NULL, NULL, NULL, 6),
(235, 2363, '1490234133516-2363.jpg', '2017-03-23 08:55:33', NULL, NULL, NULL, NULL, 6),
(236, 2364, '1490676582642-2364.jpg', '2017-03-28 11:49:42', NULL, NULL, NULL, NULL, 6),
(237, 2365, '1490838681512-2365.jpg', '2017-03-30 08:51:21', NULL, NULL, NULL, NULL, 6),
(238, 2366, '1490838770020-2366.jpg', '2017-03-30 08:52:50', NULL, NULL, NULL, NULL, 6),
(239, 2367, '1490838858523-2367.jpg', '2017-03-30 08:54:18', NULL, NULL, NULL, NULL, 6),
(240, 2368, '1490838963645-2368.jpg', '2017-03-30 08:56:03', NULL, NULL, NULL, NULL, 6),
(241, 2369, '1490839206442-2369.jpg', '2017-03-30 09:00:06', NULL, NULL, NULL, NULL, 6),
(242, 2371, '1490839565975-2371.jpg', '2017-03-30 09:06:06', NULL, NULL, NULL, NULL, 6),
(243, 2370, '1490839615605-2370.jpg', '2017-03-30 09:06:55', NULL, NULL, NULL, NULL, 6),
(244, 2372, '1490839653370-2372.jpg', '2017-03-30 09:07:33', NULL, NULL, NULL, NULL, 6),
(245, 2373, '1490839892720-2373.jpg', '2017-03-30 09:11:32', NULL, NULL, NULL, NULL, 6),
(246, 2374, '1490839952710-2374.jpg', '2017-03-30 09:12:32', NULL, NULL, NULL, NULL, 6),
(247, 2375, '1490839994705-2375.jpg', '2017-03-30 09:13:14', NULL, NULL, NULL, NULL, 6),
(248, 2376, '1490840044880-2376.jpg', '2017-03-30 09:14:04', NULL, NULL, NULL, NULL, 6),
(249, 2377, '1490840120467-2377.jpg', '2017-03-30 09:15:20', NULL, NULL, NULL, NULL, 6),
(250, 2378, '1490840174290-2378.jpg', '2017-03-30 09:16:14', NULL, NULL, NULL, NULL, 6),
(251, 2379, '1490840233755-2379.jpg', '2017-03-30 09:17:13', NULL, NULL, NULL, NULL, 6),
(252, 2380, '1490840373782-2380.jpg', '2017-03-30 09:19:33', NULL, NULL, NULL, NULL, 6),
(253, 2381, '1491058222468-2381.jpg', '2017-04-01 21:50:22', NULL, NULL, NULL, NULL, 6),
(254, 2382, '1491191415728-2382.jpg', '2017-04-03 10:50:15', NULL, NULL, NULL, NULL, 6),
(255, 2383, '1491191481932-2383.jpg', '2017-04-03 10:51:21', NULL, NULL, NULL, NULL, 6),
(256, 2384, '1491191530037-2384.jpg', '2017-04-03 10:52:10', NULL, NULL, NULL, NULL, 6),
(257, 2385, '1491191812426-2385.jpg', '2017-04-03 10:56:52', NULL, NULL, NULL, NULL, 6),
(258, 2386, '1491192433771-2386.jpg', '2017-04-03 11:07:13', NULL, NULL, NULL, NULL, 6),
(259, 2387, '1491192510530-2387.jpg', '2017-04-03 11:08:30', NULL, NULL, NULL, NULL, 6),
(260, 2388, '1491192575461-2388.jpg', '2017-04-03 11:09:35', NULL, NULL, NULL, NULL, 6),
(261, 2389, '1491192627308-2389.jpg', '2017-04-03 11:10:27', NULL, NULL, NULL, NULL, 6),
(262, 2391, '1491665785108-2391.jpg', '2017-04-08 22:36:25', NULL, NULL, NULL, NULL, 6),
(263, 2392, '1492567942788-2392.jpg', '2017-04-19 09:12:22', NULL, NULL, NULL, NULL, 4),
(264, 2398, '1492568357864-2398.jpg', '2017-04-19 09:19:17', NULL, NULL, NULL, NULL, 4),
(265, 2399, '1492568575295-2399.jpg', '2017-04-19 09:22:55', NULL, NULL, NULL, NULL, 6),
(266, 2400, '1492568661142-2400.jpg', '2017-04-19 09:24:21', NULL, NULL, NULL, NULL, 6),
(267, 2394, '1492568812397-2394.jpg', '2017-04-19 09:26:52', NULL, NULL, NULL, NULL, 6),
(268, 2402, '1492569021958-2402.jpg', '2017-04-19 09:30:21', NULL, NULL, NULL, NULL, 6),
(269, 2403, '1492569211232-2403.jpg', '2017-04-19 09:33:31', NULL, NULL, NULL, NULL, 6),
(270, 2405, '1492571125669-2405.jpg', '2017-04-19 10:05:25', NULL, NULL, NULL, NULL, 6),
(271, 2406, '1492571218081-2406.jpg', '2017-04-19 10:06:58', NULL, NULL, NULL, NULL, 6),
(272, 2407, '1492571370834-2407.jpg', '2017-04-19 10:09:30', NULL, NULL, NULL, NULL, 6),
(273, 2401, '1492571431626-2401.jpg', '2017-04-19 10:10:31', NULL, NULL, NULL, NULL, 6),
(274, 2397, '1492571456150-2397.jpg', '2017-04-19 10:10:56', NULL, NULL, NULL, NULL, 6),
(275, 2396, '1492571501035-2396.jpg', '2017-04-19 10:11:41', NULL, NULL, NULL, NULL, 6),
(276, 2393, '1492571571808-2393 1.jpg', '2017-04-19 10:12:51', NULL, NULL, NULL, NULL, 6),
(277, 2393, '1492571579183-2393.jpg', '2017-04-19 10:12:59', NULL, NULL, NULL, NULL, 6),
(278, 2388, '1492572008464-2388 1.jpg', '2017-04-19 10:20:08', NULL, NULL, NULL, NULL, 6),
(279, 2408, '1493002695354-2408.jpg', '2017-04-24 09:58:15', NULL, NULL, NULL, NULL, 6),
(280, 2409, '1493002768045-2409.jpg', '2017-04-24 09:59:28', NULL, NULL, NULL, NULL, 6),
(281, 2410, '1493002833487-2410.jpg', '2017-04-24 10:00:33', NULL, NULL, NULL, NULL, 6),
(282, 2411, '1493003027285-2411.jpg', '2017-04-24 10:03:47', NULL, NULL, NULL, NULL, 6),
(283, 2412, '1493003071476-2412.jpg', '2017-04-24 10:04:31', NULL, NULL, NULL, NULL, 6),
(284, 2404, '1493003205636-2404.jpg', '2017-04-24 10:06:45', NULL, NULL, NULL, NULL, 6),
(285, 2414, '1493003261696-2414.jpg', '2017-04-24 10:07:41', NULL, NULL, NULL, NULL, 6),
(286, 2416, '1493003518601-2416.jpg', '2017-04-24 10:11:58', NULL, NULL, NULL, NULL, 6),
(287, 2417, '1493003612547-2417.jpg', '2017-04-24 10:13:32', NULL, NULL, NULL, NULL, 6),
(288, 2418, '1493003721901-2418.jpg', '2017-04-24 10:15:21', NULL, NULL, NULL, NULL, 6),
(289, 2419, '1493003806031-2419.jpg', '2017-04-24 10:16:46', NULL, NULL, NULL, NULL, 6),
(290, 2420, '1493003880970-2420.jpg', '2017-04-24 10:18:00', NULL, NULL, NULL, NULL, 6),
(291, 2421, '1493003958961-2421.jpg', '2017-04-24 10:19:19', NULL, NULL, NULL, NULL, 6),
(292, 2422, '1493004420652-2422.jpg', '2017-04-24 10:27:00', NULL, NULL, NULL, NULL, 6),
(293, 2425, '1493004931593-2425.jpg', '2017-04-24 10:35:31', NULL, NULL, NULL, NULL, 6),
(294, 2426, '1493005002360-2426.jpg', '2017-04-24 10:36:42', NULL, NULL, NULL, NULL, 6),
(295, 2427, '1493005072815-2427.jpg', '2017-04-24 10:37:52', NULL, NULL, NULL, NULL, 6),
(296, 2428, '1493005161601-2428.jpg', '2017-04-24 10:39:21', NULL, NULL, NULL, NULL, 6),
(297, 2429, '1493005219535-2429.jpg', '2017-04-24 10:40:19', NULL, NULL, NULL, NULL, 6),
(298, 2430, '1493005275353-2430.jpg', '2017-04-24 10:41:15', NULL, NULL, NULL, NULL, 6),
(299, 2423, '1493005359604-2423.jpg', '2017-04-24 10:42:39', NULL, NULL, NULL, NULL, 6),
(300, 2415, '1493005644781-2415.jpg', '2017-04-24 10:47:24', NULL, NULL, NULL, NULL, 6),
(301, 2431, '1493008073695-2431.jpg', '2017-04-24 11:27:53', NULL, NULL, NULL, NULL, 6),
(302, 2432, '1493008147052-2432.jpg', '2017-04-24 11:29:07', NULL, NULL, NULL, NULL, 6),
(303, 2434, '1493008264780-2434.jpg', '2017-04-24 11:31:04', NULL, NULL, NULL, NULL, 6),
(304, 2435, '1493008314079-2435.jpg', '2017-04-24 11:31:54', NULL, NULL, NULL, NULL, 6),
(305, 2437, '1493008425945-2437.jpg', '2017-04-24 11:33:45', NULL, NULL, NULL, NULL, 6),
(306, 2438, '1493008476895-2438.jpg', '2017-04-24 11:34:36', NULL, NULL, NULL, NULL, 6),
(307, 2439, '1493008546388-2439.jpg', '2017-04-24 11:35:46', NULL, NULL, NULL, NULL, 6),
(308, 2442, '1493008706963-2442.jpg', '2017-04-24 11:38:26', NULL, NULL, NULL, NULL, 6),
(309, 2443, '1493008838122-2443.jpg', '2017-04-24 11:40:38', NULL, NULL, NULL, NULL, 6),
(310, 2444, '1493009005086-2444.jpg', '2017-04-24 11:43:25', NULL, NULL, NULL, NULL, 6),
(311, 2445, '1493009078109-2445.jpg', '2017-04-24 11:44:38', NULL, NULL, NULL, NULL, 6),
(312, 2446, '1493009165188-2446.jpg', '2017-04-24 11:46:05', NULL, NULL, NULL, NULL, 6),
(315, 2448, '1493016789435-2447.jpg', '2017-04-24 13:53:09', NULL, NULL, NULL, NULL, 6),
(316, 2449, '1493016932640-2449.jpg', '2017-04-24 13:55:32', NULL, NULL, NULL, NULL, 6),
(317, 2450, '1493017019450-2450.jpg', '2017-04-24 13:56:59', NULL, NULL, NULL, NULL, 6),
(318, 2451, '1493017110368-2451 1.jpg', '2017-04-24 13:58:30', NULL, NULL, NULL, NULL, 6),
(319, 2451, '1493017120832-2451.jpg', '2017-04-24 13:58:41', NULL, NULL, NULL, NULL, 6),
(320, 2452, '1493017203623-2452.jpg', '2017-04-24 14:00:03', NULL, NULL, NULL, NULL, 6),
(321, 2453, '1493017276265-2453.jpg', '2017-04-24 14:01:16', NULL, NULL, NULL, NULL, 6),
(322, 2454, '1493017334774-2454.jpg', '2017-04-24 14:02:14', NULL, NULL, NULL, NULL, 6),
(323, 2455, '1493017436734-2455.jpg', '2017-04-24 14:03:56', NULL, NULL, NULL, NULL, 6),
(324, 2457, '1494085239076-2457.jpg', '2017-05-06 22:40:39', NULL, NULL, NULL, NULL, 6),
(325, 2456, '1494085255585-2456.jpg', '2017-05-06 22:40:55', NULL, NULL, NULL, NULL, 6),
(326, 2441, '1494085267985-2441.jpg', '2017-05-06 22:41:07', NULL, NULL, NULL, NULL, 6),
(327, 2458, '1494085361326-2458.jpg', '2017-05-06 22:42:41', NULL, NULL, NULL, NULL, 6),
(328, 2459, '1494388647915-2459 1.jpg', '2017-05-10 10:57:27', NULL, NULL, NULL, NULL, 6),
(329, 2459, '1494388653900-2459.jpg', '2017-05-10 10:57:33', NULL, NULL, NULL, NULL, 6),
(330, 2440, '1494389003535-2440.jpg', '2017-05-10 11:03:23', NULL, NULL, NULL, NULL, 6),
(331, 2460, '1494389121962-2460.jpg', '2017-05-10 11:05:21', NULL, NULL, NULL, NULL, 6),
(332, 2461, '1494389180979-2461.jpg', '2017-05-10 11:06:20', NULL, NULL, NULL, NULL, 6),
(333, 2462, '1494389245478-2462.jpg', '2017-05-10 11:07:25', NULL, NULL, NULL, NULL, 6),
(334, 2463, '1494389322716-2463.jpg', '2017-05-10 11:08:42', NULL, NULL, NULL, NULL, 6),
(335, 2464, '1494389376503-2464.jpg', '2017-05-10 11:09:36', NULL, NULL, NULL, NULL, 6),
(336, 2465, '1494389421198-2465.jpg', '2017-05-10 11:10:21', NULL, NULL, NULL, NULL, 6),
(337, 2466, '1494389478975-2466.jpg', '2017-05-10 11:11:18', NULL, NULL, NULL, NULL, 6),
(338, 2467, '1494389532781-2467.jpg', '2017-05-10 11:12:12', NULL, NULL, NULL, NULL, 6),
(339, 2468, '1494389615391-2468.jpg', '2017-05-10 11:13:35', NULL, NULL, NULL, NULL, 6),
(340, 2469, '1494389712718-2469.jpg', '2017-05-10 11:15:12', NULL, NULL, NULL, NULL, 6),
(341, 2470, '1494389847227-2470.jpg', '2017-05-10 11:17:27', NULL, NULL, NULL, NULL, 6),
(343, 2471, '1494390068018-2471 1.jpg', '2017-05-10 11:21:08', NULL, NULL, NULL, NULL, 6),
(344, 2471, '1494390079266-2471.jpg', '2017-05-10 11:21:19', NULL, NULL, NULL, NULL, 6),
(345, 2472, '1494390222069-2472.jpg', '2017-05-10 11:23:42', NULL, NULL, NULL, NULL, 6),
(346, 2473, '1494390283986-2473.jpg', '2017-05-10 11:24:43', NULL, NULL, NULL, NULL, 6),
(347, 2474, '1494390347634-2474.jpg', '2017-05-10 11:25:47', NULL, NULL, NULL, NULL, 6),
(348, 2475, '1494390417357-2475.jpg', '2017-05-10 11:26:57', NULL, NULL, NULL, NULL, 6),
(349, 2476, '1494390481877-2476.jpg', '2017-05-10 11:28:01', NULL, NULL, NULL, NULL, 6),
(350, 2477, '1494390530296-2477.jpg', '2017-05-10 11:28:50', NULL, NULL, NULL, NULL, 6),
(351, 2478, '1494390577116-2478.jpg', '2017-05-10 11:29:37', NULL, NULL, NULL, NULL, 6),
(352, 2479, '1494390677708-2479.jpg', '2017-05-10 11:31:17', NULL, NULL, NULL, NULL, 6),
(353, 2480, '1494474004327-2480.jpg', '2017-05-11 10:40:04', NULL, NULL, NULL, NULL, 6),
(354, 2481, '1494474077830-2481.jpg', '2017-05-11 10:41:17', NULL, NULL, NULL, NULL, 6),
(355, 2482, '1494474151816-2482.jpg', '2017-05-11 10:42:31', NULL, NULL, NULL, NULL, 6),
(356, 2483, '1494474215953-2483.jpg', '2017-05-11 10:43:35', NULL, NULL, NULL, NULL, 6),
(357, 2484, '1494474292620-2484.jpg', '2017-05-11 10:44:52', NULL, NULL, NULL, NULL, 6),
(358, 2485, '1494474364957-2485.jpg', '2017-05-11 10:46:04', NULL, NULL, NULL, NULL, 6),
(359, 2487, '1494474550143-2487.jpg', '2017-05-11 10:49:10', NULL, NULL, NULL, NULL, 6),
(360, 2488, '1494474629588-2488.jpg', '2017-05-11 10:50:29', NULL, NULL, NULL, NULL, 6),
(361, 2489, '1494474683682-2489.jpg', '2017-05-11 10:51:23', NULL, NULL, NULL, NULL, 6),
(362, 2490, '1494474738640-2490.jpg', '2017-05-11 10:52:18', NULL, NULL, NULL, NULL, 6),
(363, 2491, '1494475958101-2491.jpg', '2017-05-11 11:12:38', NULL, NULL, NULL, NULL, 6),
(364, 2492, '1494476030300-2492.jpg', '2017-05-11 11:13:50', NULL, NULL, NULL, NULL, 6),
(365, 2493, '1494476074162-2493.jpg', '2017-05-11 11:14:34', NULL, NULL, NULL, NULL, 6),
(366, 2494, '1494476150156-2494.jpg', '2017-05-11 11:15:50', NULL, NULL, NULL, NULL, 6),
(367, 2495, '1494476433983-2495.jpg', '2017-05-11 11:20:34', NULL, NULL, NULL, NULL, 6),
(368, 2496, '1494476497169-2496.jpg', '2017-05-11 11:21:37', NULL, NULL, NULL, NULL, 6),
(369, 2497, '1494476593869-2497.jpg', '2017-05-11 11:23:13', NULL, NULL, NULL, NULL, 6),
(370, 2498, '1494476655913-2498.jpg', '2017-05-11 11:24:15', NULL, NULL, NULL, NULL, 6),
(371, 2499, '1494476772466-2499.jpg', '2017-05-11 11:26:12', NULL, NULL, NULL, NULL, 6),
(372, 2500, '1494476948813-2500.jpg', '2017-05-11 11:29:08', NULL, NULL, NULL, NULL, 6),
(373, 2504, '1494775463693-2504.jpg', '2017-05-14 22:24:23', NULL, NULL, NULL, NULL, 6),
(374, 2505, '1494778110779-2505.jpg', '2017-05-14 23:08:30', NULL, NULL, NULL, NULL, 6),
(375, 2506, '1494778160446-2506.jpg', '2017-05-14 23:09:20', NULL, NULL, NULL, NULL, 6),
(376, 2507, '1494778198443-2507.jpg', '2017-05-14 23:09:58', NULL, NULL, NULL, NULL, 6),
(377, 2508, '1494778232879-2508.jpg', '2017-05-14 23:10:32', NULL, NULL, NULL, NULL, 6),
(378, 2509, '1494778254504-2509.jpg', '2017-05-14 23:10:54', NULL, NULL, NULL, NULL, 6),
(379, 2510, '1494778289671-2510.jpg', '2017-05-14 23:11:29', NULL, NULL, NULL, NULL, 6),
(380, 2511, '1494778319728-2511.jpg', '2017-05-14 23:11:59', NULL, NULL, NULL, NULL, 6),
(381, 2512, '1494778346571-2512.jpg', '2017-05-14 23:12:26', NULL, NULL, NULL, NULL, 6),
(382, 2513, '1494778373596-2513.jpg', '2017-05-14 23:12:53', NULL, NULL, NULL, NULL, 6),
(383, 2514, '1494778401423-2514.jpg', '2017-05-14 23:13:21', NULL, NULL, NULL, NULL, 6),
(384, 2515, '1494778429999-2515.jpg', '2017-05-14 23:13:50', NULL, NULL, NULL, NULL, 6),
(385, 2502, '1494836389294-2502.jpg', '2017-05-15 15:19:49', NULL, NULL, NULL, NULL, 6),
(386, 2501, '1494836513575-2501.jpg', '2017-05-15 15:21:53', NULL, NULL, NULL, NULL, 6),
(387, 2439, '1494844268537-2439 1.jpg', '2017-05-15 17:31:08', NULL, NULL, NULL, NULL, 6),
(388, 2432, '1494844294071-2432 1.jpg', '2017-05-15 17:31:34', NULL, NULL, NULL, NULL, 6),
(389, 2520, '1495374277599-2520.jpg', '2017-05-21 20:44:37', NULL, NULL, NULL, NULL, 6),
(390, 2521, '1495374345216-2521.jpg', '2017-05-21 20:45:45', NULL, NULL, NULL, NULL, 6),
(391, 2522, '1495374874280-2522.jpg', '2017-05-21 20:54:34', NULL, NULL, NULL, NULL, 6),
(392, 2523, '1495374921129-2523.jpg', '2017-05-21 20:55:21', NULL, NULL, NULL, NULL, 6),
(393, 2526, '1495375137255-2526.jpg', '2017-05-21 20:58:57', NULL, NULL, NULL, NULL, 6),
(394, 2527, '1495375178923-2527.jpg', '2017-05-21 20:59:38', NULL, NULL, NULL, NULL, 6),
(395, 2529, '1495375271057-2529.jpg', '2017-05-21 21:01:11', NULL, NULL, NULL, NULL, 6),
(396, 2530, '1495375323561-2530.jpg', '2017-05-21 21:02:03', NULL, NULL, NULL, NULL, 6),
(397, 2531, '1495375364358-2531.jpg', '2017-05-21 21:02:44', NULL, NULL, NULL, NULL, 6),
(398, 2532, '1495375405628-2532.jpg', '2017-05-21 21:03:25', NULL, NULL, NULL, NULL, 6),
(399, 2533, '1495375544551-2533.jpg', '2017-05-21 21:05:44', NULL, NULL, NULL, NULL, 6),
(400, 2534, '1495375988493-2534.jpg', '2017-05-21 21:13:08', NULL, NULL, NULL, NULL, 6),
(401, 2517, '1495376130553-2517.jpg', '2017-05-21 21:15:30', NULL, NULL, NULL, NULL, 6),
(402, 2486, '1495379256212-2486.jpg', '2017-05-21 22:07:36', NULL, NULL, NULL, NULL, 6),
(403, 2535, '1495815632415-2535.jpg', '2017-05-26 23:20:32', NULL, NULL, NULL, NULL, 4),
(404, 2536, '1495815677993-2536.jpg', '2017-05-26 23:21:17', NULL, NULL, NULL, NULL, 4),
(405, 2537, '1495815722978-2537.jpg', '2017-05-26 23:22:03', NULL, NULL, NULL, NULL, 4),
(406, 2538, '1495815768333-2538.jpg', '2017-05-26 23:22:48', NULL, NULL, NULL, NULL, 4),
(407, 2539, '1495815815772-2539.jpg', '2017-05-26 23:23:35', NULL, NULL, NULL, NULL, 4),
(408, 2540, '1495815854909-2540.jpg', '2017-05-26 23:24:14', NULL, NULL, NULL, NULL, 4),
(409, 2528, '1495815982868-2528.jpg', '2017-05-26 23:26:22', NULL, NULL, NULL, NULL, 4),
(410, 2525, '1495815992926-2525.jpg', '2017-05-26 23:26:32', NULL, NULL, NULL, NULL, 4),
(411, 2524, '1495816001648-2524.jpg', '2017-05-26 23:26:41', NULL, NULL, NULL, NULL, 4),
(412, 2543, '1496072452488-2543.jpg', '2017-05-29 22:40:52', NULL, NULL, NULL, NULL, 6),
(413, 2544, '1496072644577-2544.jpg', '2017-05-29 22:44:04', NULL, NULL, NULL, NULL, 6),
(414, 2545, '1496072744357-2545.jpg', '2017-05-29 22:45:44', NULL, NULL, NULL, NULL, 6),
(415, 2546, '1496072838421-2546.jpg', '2017-05-29 22:47:18', NULL, NULL, NULL, NULL, 6),
(416, 2547, '1496072897848-2547.jpg', '2017-05-29 22:48:17', NULL, NULL, NULL, NULL, 6),
(417, 2548, '1496072939043-2548.jpg', '2017-05-29 22:48:59', NULL, NULL, NULL, NULL, 6),
(418, 2549, '1496073047625-2549.jpg', '2017-05-29 22:50:47', NULL, NULL, NULL, NULL, 6),
(419, 2550, '1496073093262-2550.jpg', '2017-05-29 22:51:33', NULL, NULL, NULL, NULL, 6),
(420, 2551, '1496073148510-2551.jpg', '2017-05-29 22:52:28', NULL, NULL, NULL, NULL, 6),
(421, 2552, '1496073190733-2552.jpg', '2017-05-29 22:53:10', NULL, NULL, NULL, NULL, 6),
(422, 2553, '1496073339011-2553.jpg', '2017-05-29 22:55:39', NULL, NULL, NULL, NULL, 6),
(423, 2554, '1496073387072-2554.jpg', '2017-05-29 22:56:27', NULL, NULL, NULL, NULL, 6),
(424, 2555, '1496073436965-2555.jpg', '2017-05-29 22:57:16', NULL, NULL, NULL, NULL, 6),
(425, 2556, '1496073475985-2556.jpg', '2017-05-29 22:57:55', NULL, NULL, NULL, NULL, 6),
(426, 2446, '1497193408119-2446 1.jpg', '2017-06-11 22:03:28', NULL, NULL, NULL, NULL, 6),
(427, 2446, '1497193413958-2446 4.jpg', '2017-06-11 22:03:33', NULL, NULL, NULL, NULL, 6),
(428, 2557, '1497194389773-2557.jpg', '2017-06-11 22:19:49', NULL, NULL, NULL, NULL, 6),
(429, 2558, '1497194442211-2558.jpg', '2017-06-11 22:20:42', NULL, NULL, NULL, NULL, 6),
(430, 2559, '1497194497115-2559.jpg', '2017-06-11 22:21:37', NULL, NULL, NULL, NULL, 6),
(431, 2560, '1497194536452-2560.jpg', '2017-06-11 22:22:16', NULL, NULL, NULL, NULL, 6),
(432, 2561, '1497194607437-2561.jpg', '2017-06-11 22:23:27', NULL, NULL, NULL, NULL, 6),
(433, 2562, '1497194641966-2562.jpg', '2017-06-11 22:24:01', NULL, NULL, NULL, NULL, 6),
(434, 2563, '1497194680792-2563.jpg', '2017-06-11 22:24:40', NULL, NULL, NULL, NULL, 6),
(435, 2564, '1497194727384-2564.jpg', '2017-06-11 22:25:27', NULL, NULL, NULL, NULL, 6),
(436, 2565, '1497194765467-2565.jpg', '2017-06-11 22:26:05', NULL, NULL, NULL, NULL, 6),
(437, 2566, '1497194838271-2566.jpg', '2017-06-11 22:27:18', NULL, NULL, NULL, NULL, 6),
(438, 2567, '1497194876206-2567.jpg', '2017-06-11 22:27:56', NULL, NULL, NULL, NULL, 6),
(439, 2568, '1497194940869-2568.jpg', '2017-06-11 22:29:00', NULL, NULL, NULL, NULL, 6),
(440, 2571, '1497195037050-2571.jpg', '2017-06-11 22:30:37', NULL, NULL, NULL, NULL, 6),
(441, 2572, '1497195079869-2572.jpg', '2017-06-11 22:31:19', NULL, NULL, NULL, NULL, 6),
(442, 2542, '1497195532740-2542.jpg', '2017-06-11 22:38:52', NULL, NULL, NULL, NULL, 6),
(443, 2574, '1497230773167-2574.jpg', '2017-06-12 08:26:13', NULL, NULL, NULL, NULL, 6),
(444, 2575, '1497230821771-2575.jpg', '2017-06-12 08:27:01', NULL, NULL, NULL, NULL, 6),
(445, 2578, '1497230952724-2578.jpg', '2017-06-12 08:29:12', NULL, NULL, NULL, NULL, 6),
(446, 2579, '1497230979109-2579.jpg', '2017-06-12 08:29:39', NULL, NULL, NULL, NULL, 6),
(447, 2581, '1497232766966-2581.jpg', '2017-06-12 08:59:26', NULL, NULL, NULL, NULL, 6),
(448, 2582, '1497232892971-2582.jpg', '2017-06-12 09:01:32', NULL, NULL, NULL, NULL, 6),
(449, 2584, '1497232970623-2584.jpg', '2017-06-12 09:02:50', NULL, NULL, NULL, NULL, 6),
(450, 2586, '1497880981476-2586.jpg', '2017-06-19 21:03:01', NULL, NULL, NULL, NULL, 4),
(451, 2587, '1497881025335-2587.jpg', '2017-06-19 21:03:45', NULL, NULL, NULL, NULL, 4),
(452, 2588, '1503493594478-2588.jpg', '2017-08-23 20:06:34', NULL, NULL, NULL, NULL, 6),
(453, 2589, '1503493689632-2589.jpg', '2017-08-23 20:08:09', NULL, NULL, NULL, NULL, 6),
(454, 2590, '1503493773299-2590.jpg', '2017-08-23 20:09:33', NULL, NULL, NULL, NULL, 6),
(455, 2591, '1503493846206-2591.jpg', '2017-08-23 20:10:46', NULL, NULL, NULL, NULL, 6),
(456, 2592, '1503493937239-2592.jpg', '2017-08-23 20:12:17', NULL, NULL, NULL, NULL, 6),
(457, 2593, '1503494001371-2593.jpg', '2017-08-23 20:13:21', NULL, NULL, NULL, NULL, 6),
(458, 2594, '1503494073700-2594.jpg', '2017-08-23 20:14:33', NULL, NULL, NULL, NULL, 6),
(459, 2595, '1503495534065-2595.jpg', '2017-08-23 20:38:54', NULL, NULL, NULL, NULL, 6),
(460, 2596, '1503495970650-2596.jpg', '2017-08-23 20:46:10', NULL, NULL, NULL, NULL, 6),
(461, 2597, '1503496071545-2597.jpg', '2017-08-23 20:47:51', NULL, NULL, NULL, NULL, 6),
(462, 2599, '1503584773850-2599.jpg', '2017-08-24 21:26:13', NULL, NULL, NULL, NULL, 6),
(463, 2598, '1503584787312-2598.jpg', '2017-08-24 21:26:27', NULL, NULL, NULL, NULL, 6),
(464, 2600, '1503585109459-2600.jpg', '2017-08-24 21:31:49', NULL, NULL, NULL, NULL, 6);

-- --------------------------------------------------------

--
-- Table structure for table `animal_status_history`
--

CREATE TABLE `animal_status_history` (
  `id` int(11) NOT NULL,
  `status_id` int(11) DEFAULT NULL,
  `status_date` datetime DEFAULT NULL,
  `created_by` int(11) DEFAULT NULL,
  `animal_id` int(11) DEFAULT NULL,
  `description` text COLLATE utf8_bin
) ENGINE=InnoDB DEFAULT CHARSET=utf8 COLLATE=utf8_bin;

--
-- Dumping data for table `animal_status_history`
--

INSERT INTO `animal_status_history` (`id`, `status_id`, `status_date`, `created_by`, `animal_id`, `description`) VALUES
(1, 1, '2016-12-31 18:59:36', 4, 1, 'Mèo tam thể không có biểu hiện bệnh. Cần theo dõi thêm'),
(2, 2, '2016-12-22 00:00:00', 4, 1, 'Mèo tam thể không có biểu hiện bệnh. Cần theo dõi thêm'),
(4, 1, '2017-02-28 00:15:04', 6, 2127, ''),
(5, 4, '2017-02-28 07:40:54', 6, 2128, 'đã mất'),
(6, 4, '2017-02-28 07:43:23', 6, 2129, ''),
(7, 1, '2017-02-28 07:46:55', 6, 2130, ''),
(8, 4, '2017-02-28 22:38:11', 6, 2131, 'mèo yếu'),
(9, 4, '2017-02-28 22:40:31', 6, 2132, ''),
(10, 4, '2017-02-28 22:42:55', 6, 2133, 'mất luôn trong ngày'),
(11, 4, '2017-02-28 22:44:06', 6, 2134, ''),
(12, 1, '2017-02-28 22:51:16', 6, 2135, ''),
(13, 1, '2017-02-28 22:54:10', 6, 2136, ''),
(14, 1, '2017-02-28 22:56:28', 6, 2137, ''),
(15, 4, '2017-02-28 22:58:43', 6, 2138, ''),
(16, 4, '2017-02-28 23:00:33', 6, 2139, ''),
(17, 4, '2017-02-28 23:02:29', 6, 2140, ''),
(18, 4, '2017-02-28 23:04:46', 6, 2141, 'mất luôn trong ngày'),
(19, 1, '2017-02-28 23:07:10', 6, 2142, ''),
(20, 4, '2017-02-28 23:11:31', 6, 2143, 'mèo trắng'),
(21, 4, '2017-02-28 23:15:01', 6, 2144, 'bị dính keo'),
(22, 4, '2017-03-01 09:56:26', 6, 2145, ''),
(23, 4, '2017-03-01 09:58:08', 6, 2146, ''),
(24, 4, '2017-03-01 10:03:16', 6, 2147, 'yếu, mất luôn trong ngày'),
(25, 3, '2017-03-01 10:04:41', 6, 2148, 'mèo vàng nhỏ'),
(26, 4, '2017-03-01 10:17:23', 6, 2149, ''),
(27, 1, '2017-03-01 10:28:49', 6, 2150, 'mèo bò sữa bổ luống'),
(28, 1, '2017-03-01 10:31:36', 6, 2151, 'mèo đen'),
(29, 4, '2017-03-01 10:47:35', 6, 2152, 'chó vàng đầu đen'),
(30, 1, '2017-03-01 10:51:04', 6, 2153, 'mèo nhỏ, tam thể'),
(31, 4, '2017-03-01 10:55:25', 6, 2154, 'mèo đen'),
(32, 4, '2017-03-01 11:04:17', 6, 2155, ''),
(33, 1, '2017-03-01 11:10:27', 6, 2156, ''),
(34, 1, '2017-03-01 11:14:54', 6, 2157, ''),
(35, 4, '2017-03-01 11:17:22', 6, 2158, ''),
(36, 1, '2017-03-01 11:19:09', 6, 2159, ''),
(37, 4, '2017-03-01 11:25:23', 6, 2160, 'yếu, mất luôn'),
(38, 1, '2017-03-01 11:33:40', 6, 2161, ''),
(39, 1, '2017-03-01 11:37:44', 6, 2162, ''),
(40, 1, '2017-03-01 11:40:17', 6, 2163, ''),
(41, 4, '2017-03-01 11:42:34', 6, 2164, ''),
(42, 4, '2017-02-03 00:00:00', 6, 2163, ''),
(43, 1, '2017-03-01 11:46:11', 6, 2165, ''),
(44, 4, '2017-03-01 11:49:39', 6, 2166, '07/02/17: về nhà chung từ hôm nào đấy -> mất'),
(45, 4, '2017-03-01 15:17:49', 6, 2167, ''),
(46, 1, '2017-03-01 15:21:18', 6, 2168, 'Mèo nhỏ'),
(47, 4, '2017-03-01 18:54:42', 6, 2169, ''),
(48, 1, '2017-03-01 18:59:56', 6, 2170, ''),
(49, 1, '2017-03-01 19:57:57', 6, 2171, ''),
(50, 1, '2017-03-02 10:20:19', 6, 2172, ''),
(51, 1, '2017-03-02 10:22:48', 6, 2173, ''),
(52, 1, '2017-03-02 10:23:58', 6, 2174, ''),
(53, 1, '2017-03-02 10:26:24', 6, 2175, ''),
(54, 4, '2017-02-07 00:00:00', 6, 2173, ''),
(55, 4, '2017-03-02 11:48:44', 6, 2176, ''),
(56, 4, '2017-02-03 00:00:00', 6, 2174, ''),
(57, 4, '2017-02-07 00:00:00', 6, 2175, ''),
(58, 1, '2017-01-25 00:00:00', 6, 2176, ''),
(59, 4, '2017-03-02 12:08:24', 6, 2177, ''),
(60, 1, '2017-03-02 12:10:19', 6, 2178, ''),
(61, 4, '2017-03-02 12:12:24', 6, 2179, ''),
(62, 4, '2017-03-02 12:14:06', 6, 2180, ''),
(63, 1, '2017-03-02 12:16:00', 6, 2181, ''),
(64, 3, '2017-03-02 12:17:42', 6, 2182, ''),
(65, 4, '2017-03-02 12:19:41', 6, 2183, ''),
(66, 4, '2017-03-02 12:22:42', 6, 2184, ''),
(67, 4, '2017-03-02 12:25:58', 6, 2185, ''),
(68, 1, '2017-03-03 08:27:15', 6, 2186, ''),
(69, 4, '2017-03-03 19:31:01', 6, 2187, ''),
(70, 1, '2017-03-03 19:32:12', 6, 2188, ''),
(71, 4, '2017-03-03 19:34:07', 6, 2189, ''),
(72, 4, '2017-03-03 19:35:17', 6, 2190, ''),
(73, 3, '2017-03-03 19:39:03', 6, 2191, ''),
(74, 3, '2017-03-03 19:41:16', 6, 2192, ''),
(75, 1, '2017-03-03 19:52:54', 6, 2193, ''),
(76, 4, '2017-03-03 20:00:35', 6, 2194, ''),
(77, 1, '2017-03-03 20:20:34', 6, 2195, ''),
(78, 4, '2017-03-05 14:46:32', 6, 2196, ''),
(79, 4, '2017-03-05 14:48:33', 6, 2197, ''),
(80, 4, '2017-03-05 14:51:50', 6, 2198, ''),
(81, 1, '2017-03-05 14:53:19', 6, 2199, ''),
(82, 3, '2017-03-05 14:55:42', 6, 2200, ''),
(83, 1, '2017-03-05 15:06:05', 6, 2201, ''),
(84, 1, '2017-03-05 15:06:05', 6, 2202, ''),
(85, 1, '2017-03-05 15:06:05', 6, 2203, ''),
(86, 1, '2017-03-05 15:06:05', 6, 2204, ''),
(87, 4, '2017-02-23 00:00:00', 6, 2202, ''),
(88, 4, '2017-02-07 00:00:00', 6, 2203, ''),
(89, 4, '2017-03-05 15:19:08', 6, 2205, ''),
(90, 1, '2017-03-05 15:21:06', 6, 2206, ''),
(91, 4, '2017-03-05 15:22:50', 6, 2207, ''),
(92, 4, '2017-03-05 15:26:24', 6, 2208, ''),
(93, 4, '2017-03-05 15:28:08', 6, 2209, ''),
(94, 4, '2017-03-05 15:29:57', 6, 2210, ''),
(95, 1, '2017-03-05 15:31:15', 6, 2211, ''),
(96, 1, '2017-03-05 15:34:59', 6, 2212, ''),
(97, 1, '2017-03-05 15:37:55', 6, 2213, ''),
(98, 4, '2017-03-05 15:39:54', 6, 2214, ''),
(99, 1, '2017-03-05 15:41:16', 6, 2215, ''),
(100, 4, '2017-03-05 15:43:31', 6, 2216, ''),
(101, 4, '2017-03-05 15:44:44', 6, 2217, ''),
(102, 4, '2017-03-05 15:45:54', 6, 2218, ''),
(103, 1, '2017-03-05 15:47:37', 6, 2219, ''),
(104, 1, '2017-03-05 15:49:41', 6, 2220, ''),
(105, 1, '2017-03-05 15:51:14', 6, 2221, ''),
(106, 1, '2017-03-05 15:52:16', 6, 2222, ''),
(107, 1, '2017-03-05 15:53:51', 6, 2223, ''),
(108, 4, '2017-03-05 15:56:27', 6, 2224, ''),
(109, 4, '2017-03-05 15:57:35', 6, 2225, ''),
(110, 1, '2017-03-05 15:59:14', 6, 2226, ''),
(111, 4, '2017-03-05 16:01:11', 6, 2227, ''),
(112, 1, '2017-03-05 16:03:50', 6, 2228, ''),
(113, 1, '2017-03-05 16:04:49', 6, 2229, ''),
(114, 1, '2017-03-05 16:06:28', 6, 2230, ''),
(115, 1, '2017-03-05 18:43:41', 6, 2231, ''),
(116, 4, '2017-03-05 18:44:48', 6, 2232, ''),
(117, 1, '2017-03-05 18:51:10', 6, 2233, ''),
(118, 4, '2017-03-05 23:43:16', 6, 2234, ''),
(119, 4, '2017-03-05 23:56:13', 6, 2235, ''),
(120, 4, '2017-03-06 15:12:10', 6, 2236, ''),
(121, 4, '2017-03-06 15:14:35', 6, 2237, ''),
(122, 4, '2017-03-06 15:15:55', 6, 2238, ''),
(123, 1, '2017-03-06 15:17:07', 6, 2239, ''),
(124, 4, '2017-03-06 15:18:53', 6, 2240, 'mất luôn trong ngày'),
(125, 1, '2017-03-06 15:19:50', 6, 2241, ''),
(126, 4, '2017-03-06 15:21:03', 6, 2242, ''),
(127, 4, '2017-03-06 15:22:18', 6, 2243, ''),
(128, 1, '2017-03-06 15:23:16', 6, 2244, ''),
(129, 4, '2017-03-06 15:25:01', 6, 2245, ''),
(130, 1, '2017-03-06 15:27:53', 6, 2246, ''),
(131, 4, '2017-03-06 15:30:52', 6, 2247, ''),
(132, 4, '2017-03-06 15:32:10', 6, 2248, ''),
(133, 1, '2017-03-08 20:22:30', 6, 2249, ''),
(134, 4, '2017-03-08 20:24:35', 6, 2250, ''),
(135, 4, '2017-03-08 20:57:29', 6, 2251, 'mất luôn trong ngày'),
(136, 1, '2017-03-08 21:00:59', 6, 2252, ''),
(137, 4, '2017-03-08 21:05:40', 6, 2253, ''),
(138, 1, '2017-03-08 21:07:02', 6, 2254, ''),
(139, 1, '2017-03-08 21:09:49', 6, 2255, ''),
(140, 4, '2017-03-08 21:11:41', 6, 2256, ''),
(141, 1, '2017-03-08 21:13:48', 6, 2257, ''),
(142, 4, '2017-03-08 21:16:13', 6, 2258, ''),
(143, 4, '2017-03-08 21:33:27', 6, 2259, ''),
(144, 4, '2017-03-08 21:34:48', 6, 2260, ''),
(145, 1, '2017-03-08 21:37:38', 6, 2261, ''),
(146, 1, '2017-03-08 21:39:37', 6, 2262, ''),
(147, 4, '2017-03-08 21:42:49', 6, 2263, ''),
(148, 1, '2017-03-08 21:44:23', 6, 2264, ''),
(149, 1, '2017-03-08 21:46:14', 6, 2265, ''),
(150, 1, '2017-03-08 21:47:56', 6, 2266, ''),
(151, 4, '2017-03-08 21:54:19', 6, 2267, ''),
(152, 4, '2017-03-08 21:56:02', 6, 2268, ''),
(153, 1, '2017-03-08 21:59:18', 6, 2269, ''),
(154, 4, '2017-03-08 22:01:12', 6, 2270, ''),
(155, 4, '2017-03-08 22:03:19', 6, 2271, ''),
(156, 1, '2017-03-08 22:05:42', 6, 2272, ''),
(157, 1, '2017-03-08 22:09:24', 6, 2273, ''),
(158, 1, '2017-03-08 22:11:40', 6, 2274, ''),
(159, 1, '2017-03-08 22:14:55', 6, 2275, ''),
(160, 1, '2017-03-08 22:16:05', 6, 2276, ''),
(161, 1, '2017-03-08 22:17:25', 6, 2277, ''),
(162, 1, '2017-03-08 22:19:42', 6, 2278, ''),
(163, 4, '2017-03-08 22:23:57', 6, 2279, ''),
(164, 4, '2017-03-08 22:25:10', 6, 2280, 'mất luôn trong ngày'),
(165, 1, '2017-03-08 22:26:13', 6, 2281, ''),
(166, 4, '2017-03-08 22:27:56', 6, 2282, ''),
(167, 1, '2017-03-08 22:29:29', 6, 2283, ''),
(168, 1, '2017-03-08 22:31:26', 6, 2284, ''),
(169, 1, '2017-03-08 22:35:46', 6, 2285, ''),
(170, 3, '2017-03-08 22:40:33', 6, 2286, ''),
(171, 4, '2017-03-08 22:42:20', 6, 2287, ''),
(172, 1, '2017-03-08 22:43:42', 6, 2288, ''),
(173, 1, '2017-03-08 22:45:32', 6, 2289, ''),
(174, 1, '2017-03-08 22:48:22', 6, 2290, ''),
(175, 1, '2017-03-08 22:54:28', 6, 2291, ''),
(176, 1, '2017-03-08 22:58:18', 6, 2292, ''),
(177, 1, '2017-03-08 23:04:20', 6, 2293, ''),
(178, 1, '2017-03-08 23:08:38', 6, 2294, ''),
(179, 4, '2017-03-08 23:11:47', 6, 2295, ''),
(180, 1, '2017-03-08 23:14:43', 6, 2296, ''),
(181, 1, '2017-03-08 23:17:08', 6, 2297, ''),
(182, 1, '2017-03-09 21:16:18', 6, 2298, ''),
(183, 1, '2017-03-09 21:18:09', 6, 2299, ''),
(184, 1, '2017-03-09 21:21:09', 6, 2300, ''),
(185, 1, '2017-03-09 21:22:37', 6, 2301, ''),
(186, 1, '2017-03-09 21:23:46', 6, 2302, ''),
(187, 1, '2017-03-09 21:25:38', 6, 2303, ''),
(188, 1, '2017-03-09 21:28:56', 6, 2304, ''),
(189, 1, '2017-03-09 21:30:13', 6, 2305, ''),
(190, 4, '2017-03-09 21:31:09', 6, 2306, '05/03/17: mất luôn trước cửa pk'),
(191, 1, '2017-03-09 21:32:19', 6, 2307, ''),
(192, 1, '2017-03-09 21:33:38', 6, 2308, ''),
(193, 1, '2017-03-09 21:48:13', 6, 2309, ''),
(194, 1, '2017-03-09 21:52:16', 6, 2310, ''),
(195, 1, '2017-03-09 21:55:56', 6, 2311, ''),
(196, 1, '2017-03-09 21:58:48', 6, 2312, ''),
(197, 1, '2017-03-09 22:01:13', 6, 2313, ''),
(198, 1, '2017-03-09 22:03:14', 6, 2314, ''),
(199, 1, '2017-03-09 22:03:35', 6, 2315, ''),
(201, 1, '2017-03-17 09:48:13', 6, 2317, ''),
(202, 1, '2017-03-17 09:50:31', 6, 2318, ''),
(203, 1, '2017-03-17 09:55:10', 6, 2319, ''),
(204, 1, '2017-03-17 10:03:23', 6, 2316, ''),
(205, 1, '2017-03-17 10:04:56', 6, 2320, ''),
(206, 1, '2017-03-17 10:06:27', 6, 2321, ''),
(207, 1, '2017-03-17 10:07:42', 6, 2322, ''),
(208, 4, '2017-03-09 00:00:00', 6, 2322, ''),
(209, 1, '2017-03-17 10:09:15', 6, 2323, ''),
(210, 1, '2017-03-17 10:11:16', 6, 2324, ''),
(211, 1, '2017-03-17 10:12:18', 6, 2325, ''),
(212, 4, '2017-03-17 10:13:18', 6, 2326, ''),
(213, 1, '2017-03-17 10:15:08', 6, 2327, ''),
(214, 4, '2017-03-13 00:00:00', 6, 2299, ''),
(215, 4, '2017-03-13 00:00:00', 6, 2300, ''),
(216, 4, '2017-03-13 00:00:00', 6, 2297, ''),
(217, 4, '2017-03-02 00:00:00', 6, 2290, ''),
(218, 4, '2017-03-13 00:00:00', 6, 2288, ''),
(219, 4, '2017-03-13 00:00:00', 6, 2285, ''),
(220, 4, '2017-03-13 00:00:00', 6, 2277, ''),
(221, 4, '2017-03-13 00:00:00', 6, 2315, ''),
(222, 4, '2017-03-13 00:00:00', 6, 2312, ''),
(223, 1, '2017-03-17 10:36:10', 6, 2328, ''),
(224, 1, '2017-03-17 10:37:27', 6, 2329, ''),
(225, 1, '2017-03-17 10:38:35', 6, 2330, ''),
(226, 1, '2017-03-17 10:40:09', 6, 2331, ''),
(227, 1, '2017-03-17 18:11:50', 6, 2332, ''),
(228, 1, '2017-03-18 10:07:49', 6, 2333, ''),
(229, 1, '2017-03-18 10:09:04', 6, 2334, ''),
(230, 1, '2017-03-18 10:10:17', 6, 2335, ''),
(231, 4, '2017-03-18 10:12:31', 6, 2336, ''),
(232, 4, '2017-03-14 00:00:00', 6, 2303, ''),
(233, 4, '2017-03-14 00:00:00', 6, 2276, ''),
(234, 3, '2017-03-14 00:00:00', 6, 2165, ''),
(235, 1, '2017-03-18 10:34:21', 6, 2337, ''),
(236, 1, '2017-03-18 10:35:57', 6, 2338, ''),
(237, 1, '2017-03-18 10:37:24', 6, 2339, ''),
(238, 2, '2017-02-22 00:00:00', 6, 2211, ''),
(239, 3, '2017-03-15 00:00:00', 6, 2150, 'mèo bò sữa bổ luống'),
(240, 3, '2017-03-06 00:00:00', 6, 2170, ''),
(241, 3, '2017-03-04 00:00:00', 6, 2151, 'mèo đen'),
(242, 3, '2017-03-05 00:00:00', 6, 2181, ''),
(243, 3, '2017-02-22 00:00:00', 6, 2206, ''),
(244, 4, '2017-03-05 00:00:00', 6, 2171, ''),
(245, 4, '2017-03-05 00:00:00', 6, 2157, ''),
(246, 3, '2017-01-12 00:00:00', 6, 2142, ''),
(247, 3, '2017-03-05 00:00:00', 6, 2136, ''),
(248, 4, '2017-03-13 00:00:00', 6, 2135, ''),
(249, 1, '2017-03-13 00:00:00', 6, 2135, ''),
(250, 4, '2017-03-13 00:00:00', 6, 2127, ''),
(251, 1, '2017-03-19 10:57:52', 6, 2340, ''),
(252, 1, '2017-03-20 08:53:53', 6, 2341, ''),
(253, 4, '2017-03-20 08:55:44', 6, 2342, ''),
(254, 4, '2017-03-20 08:56:55', 6, 2343, ''),
(255, 1, '2017-03-20 08:58:18', 6, 2344, ''),
(256, 1, '2017-03-20 08:59:36', 6, 2345, ''),
(257, 1, '2017-03-20 09:00:56', 6, 2346, ''),
(258, 1, '2017-03-20 09:02:24', 6, 2347, ''),
(259, 1, '2017-03-21 08:35:06', 6, 2348, ''),
(260, 1, '2017-03-21 08:38:24', 6, 2349, ''),
(261, 1, '2017-03-21 08:40:37', 6, 2350, ''),
(262, 1, '2017-03-21 08:42:06', 6, 2351, ''),
(263, 1, '2017-03-21 08:45:14', 6, 2352, ''),
(264, 4, '2017-03-20 00:00:00', 6, 2345, ''),
(265, 4, '2017-03-20 00:00:00', 6, 2335, ''),
(266, 4, '2017-03-20 00:00:00', 6, 2325, ''),
(267, 4, '2017-03-20 00:00:00', 6, 2314, ''),
(268, 4, '2017-03-20 00:00:00', 6, 2313, ''),
(269, 4, '2017-03-20 00:00:00', 6, 2308, ''),
(270, 4, '2017-03-20 00:00:00', 6, 2304, ''),
(271, 3, '2017-03-20 00:00:00', 6, 2293, ''),
(272, 4, '2017-03-20 00:00:00', 6, 2257, ''),
(273, 4, '2017-03-20 00:00:00', 6, 2239, ''),
(274, 3, '2017-03-20 00:00:00', 6, 2211, ''),
(275, 1, '2017-03-21 09:36:21', 6, 2353, ''),
(276, 1, '2017-03-23 08:40:40', 6, 2354, ''),
(277, 1, '2017-03-23 08:41:58', 6, 2355, ''),
(278, 1, '2017-03-23 08:47:25', 6, 2356, ''),
(279, 1, '2017-03-23 08:48:45', 6, 2357, ''),
(280, 1, '2017-03-23 08:49:36', 6, 2358, ''),
(281, 1, '2017-03-23 08:50:38', 6, 2359, ''),
(282, 1, '2017-03-23 08:51:47', 6, 2360, ''),
(283, 1, '2017-03-23 08:52:41', 6, 2361, ''),
(284, 1, '2017-03-23 08:53:51', 6, 2362, ''),
(285, 1, '2017-03-23 08:55:26', 6, 2363, ''),
(286, 4, '2017-03-22 00:00:00', 6, 2352, ''),
(287, 3, '2017-03-22 00:00:00', 6, 2344, ''),
(288, 3, '2017-03-24 00:00:00', 6, 2159, ''),
(289, 1, '2017-03-28 11:49:27', 6, 2364, ''),
(290, 1, '2017-03-28 11:51:40', 6, 2365, ''),
(291, 1, '2017-03-30 08:52:42', 6, 2366, ''),
(292, 1, '2017-03-30 08:54:12', 6, 2367, ''),
(293, 1, '2017-03-30 08:55:18', 6, 2368, ''),
(294, 1, '2017-03-30 08:59:14', 6, 2369, ''),
(295, 1, '2017-03-30 09:02:13', 6, 2370, ''),
(296, 1, '2017-03-30 09:05:59', 6, 2371, ''),
(297, 1, '2017-03-30 09:07:26', 6, 2372, ''),
(298, 1, '2017-03-30 09:09:15', 6, 2373, ''),
(299, 1, '2017-03-30 09:12:25', 6, 2374, ''),
(300, 1, '2017-03-30 09:13:10', 6, 2375, ''),
(301, 1, '2017-03-30 09:14:00', 6, 2376, ''),
(302, 1, '2017-03-30 09:15:15', 6, 2377, ''),
(303, 1, '2017-03-30 09:16:05', 6, 2378, ''),
(304, 1, '2017-03-30 09:17:08', 6, 2379, ''),
(305, 1, '2017-03-30 09:19:24', 6, 2380, ''),
(306, 1, '2017-04-01 21:50:08', 6, 2381, ''),
(307, 1, '2017-04-03 10:49:24', 6, 2382, ''),
(308, 1, '2017-04-03 10:51:14', 6, 2383, ''),
(309, 1, '2017-04-03 10:52:02', 6, 2384, ''),
(310, 1, '2017-04-03 10:56:46', 6, 2385, ''),
(311, 1, '2017-04-03 11:07:08', 6, 2386, ''),
(312, 1, '2017-04-03 11:08:19', 6, 2387, ''),
(313, 1, '2017-04-03 11:09:26', 6, 2388, ''),
(314, 1, '2017-04-03 11:10:22', 6, 2389, ''),
(315, 1, '2017-04-03 11:11:17', 6, 2390, ''),
(316, 1, '2017-04-08 22:36:19', 6, 2391, ''),
(317, 1, '2017-04-19 09:12:06', 4, 2392, ''),
(318, 1, '2017-04-19 09:13:51', 4, 2393, ''),
(319, 1, '2017-04-19 09:15:14', 4, 2394, ''),
(320, 1, '2017-04-19 09:16:05', 4, 2395, ''),
(321, 1, '2017-04-19 09:17:04', 4, 2396, ''),
(322, 1, '2017-04-19 09:17:52', 4, 2397, ''),
(323, 1, '2017-04-19 09:19:07', 4, 2398, ''),
(324, 1, '2017-04-19 09:22:49', 6, 2399, ''),
(325, 4, '2017-04-19 09:24:12', 6, 2400, 'yếu, mất luôn chưa kịp lên viện'),
(326, 1, '2017-04-19 09:24:48', 6, 2401, ''),
(327, 4, '2017-04-04 00:00:00', 6, 2395, '04/04/17: mất'),
(328, 1, '2017-04-19 09:30:11', 6, 2402, ''),
(329, 1, '2017-04-19 09:33:19', 6, 2403, ''),
(330, 1, '2017-04-19 09:34:32', 6, 2404, ''),
(331, 1, '2017-04-19 10:04:05', 6, 2405, ''),
(332, 4, '2017-04-19 10:06:49', 6, 2406, '07/04/17: mất'),
(333, 4, '2017-04-19 10:09:24', 6, 2407, '07/04/17: mất'),
(334, 4, '2017-04-07 00:00:00', 6, 2392, ''),
(335, 4, '2017-04-07 00:00:00', 6, 2386, '07/04/17: mất'),
(336, 3, '2017-03-30 00:00:00', 6, 2382, '07/04/17: có chủ'),
(337, 4, '2017-04-07 00:00:00', 6, 2381, '07/04/17: mất'),
(338, 4, '2017-04-07 00:00:00', 6, 2373, '07/04/17: mất'),
(339, 4, '2017-04-07 00:00:00', 6, 2370, '07/04/17: mất'),
(340, 4, '2017-04-07 00:00:00', 6, 2369, '07/04/17: mất'),
(341, 4, '2017-04-07 00:00:00', 6, 2364, '07/04/17: mất'),
(342, 4, '2017-04-07 00:00:00', 6, 2366, '07/04/17: mất'),
(343, 4, '2017-04-07 00:00:00', 6, 2363, ''),
(344, 4, '2017-04-07 00:00:00', 6, 2361, ''),
(345, 4, '2017-04-07 00:00:00', 6, 2359, ''),
(346, 4, '2017-04-07 00:00:00', 6, 2357, ''),
(347, 4, '2017-04-07 00:00:00', 6, 2356, ''),
(348, 4, '2017-04-07 00:00:00', 6, 2351, ''),
(349, 4, '2017-04-07 00:00:00', 6, 2347, ''),
(350, 4, '2017-04-07 00:00:00', 6, 2346, ''),
(351, 4, '2017-04-07 00:00:00', 6, 2339, ''),
(352, 4, '2017-04-07 00:00:00', 6, 2309, ''),
(353, 4, '2017-04-07 00:00:00', 6, 2348, ''),
(354, 1, '2017-04-24 09:57:48', 6, 2408, ''),
(355, 1, '2017-04-24 09:59:21', 6, 2409, ''),
(356, 1, '2017-04-24 10:00:26', 6, 2410, ''),
(357, 1, '2017-04-24 10:03:26', 6, 2411, ''),
(358, 1, '2017-04-24 10:04:26', 6, 2412, ''),
(359, 1, '2017-04-24 10:06:22', 6, 2413, ''),
(360, 1, '2017-04-24 10:07:34', 6, 2414, ''),
(361, 1, '2017-04-24 10:08:49', 6, 2415, ''),
(362, 1, '2017-04-24 10:11:41', 6, 2416, ''),
(363, 1, '2017-04-24 10:13:16', 6, 2417, ''),
(364, 1, '2017-04-24 10:14:56', 6, 2418, ''),
(365, 1, '2017-04-24 10:16:36', 6, 2419, ''),
(366, 1, '2017-04-24 10:17:55', 6, 2420, ''),
(367, 1, '2017-04-24 10:19:11', 6, 2421, ''),
(368, 1, '2017-04-24 10:26:55', 6, 2422, ''),
(369, 1, '2017-04-24 10:29:32', 6, 2423, ''),
(370, 1, '2017-04-24 10:33:42', 6, 2424, ''),
(371, 1, '2017-04-24 10:35:01', 6, 2425, ''),
(372, 1, '2017-04-24 10:36:29', 6, 2426, ''),
(373, 1, '2017-04-24 10:37:43', 6, 2427, ''),
(374, 1, '2017-04-24 10:39:05', 6, 2428, ''),
(375, 1, '2017-04-24 10:40:14', 6, 2429, ''),
(376, 1, '2017-04-24 10:41:09', 6, 2430, ''),
(377, 4, '2017-04-11 00:00:00', 6, 2412, ''),
(378, 4, '2017-04-11 00:00:00', 6, 2384, ''),
(379, 4, '2017-04-11 00:00:00', 6, 2377, ''),
(380, 4, '2017-04-11 00:00:00', 6, 2376, ''),
(381, 4, '2017-04-11 00:00:00', 6, 2374, ''),
(382, 4, '2017-04-11 00:00:00', 6, 2368, ''),
(383, 4, '2017-04-11 00:00:00', 6, 2293, ''),
(384, 3, '2017-04-11 00:00:00', 6, 2291, ''),
(385, 3, '2017-04-11 00:00:00', 6, 2272, ''),
(386, 4, '2017-04-11 00:00:00', 6, 2266, ''),
(387, 4, '2017-04-11 00:00:00', 6, 2231, ''),
(388, 3, '2017-04-11 00:00:00', 6, 2204, ''),
(389, 4, '2017-04-11 00:00:00', 6, 2398, ''),
(390, 1, '2017-04-24 11:27:46', 6, 2431, ''),
(391, 1, '2017-04-24 11:28:57', 6, 2432, ''),
(392, 4, '2017-04-24 11:30:09', 6, 2433, 'yếu, mất luôn trong ngày'),
(393, 1, '2017-04-24 11:30:59', 6, 2434, ''),
(394, 1, '2017-04-24 11:31:49', 6, 2435, ''),
(395, 4, '2017-04-24 11:32:55', 6, 2436, 'yếu, mất luôn trong ngày'),
(396, 1, '2017-04-24 11:33:40', 6, 2437, ''),
(397, 1, '2017-04-24 11:34:30', 6, 2438, ''),
(398, 1, '2017-04-24 11:35:37', 6, 2439, ''),
(399, 1, '2017-04-24 11:36:20', 6, 2440, ''),
(400, 1, '2017-04-24 11:37:23', 6, 2441, ''),
(401, 1, '2017-04-24 11:38:20', 6, 2442, ''),
(402, 1, '2017-04-24 11:40:22', 6, 2443, ''),
(403, 4, '2017-04-24 11:43:18', 6, 2444, ''),
(404, 1, '2017-04-24 11:44:32', 6, 2445, ''),
(405, 1, '2017-04-24 11:45:59', 6, 2446, ''),
(406, 1, '2017-04-24 11:46:53', 6, 2447, ''),
(407, 1, '2017-04-24 11:48:01', 6, 2448, ''),
(408, 1, '2017-04-24 13:55:25', 6, 2449, ''),
(409, 1, '2017-04-24 13:56:15', 6, 2450, ''),
(410, 1, '2017-04-24 13:58:23', 6, 2451, ''),
(411, 1, '2017-04-24 13:59:17', 6, 2452, ''),
(412, 1, '2017-04-24 14:01:09', 6, 2453, ''),
(413, 1, '2017-04-24 14:01:57', 6, 2454, ''),
(414, 1, '2017-04-24 14:03:35', 6, 2455, ''),
(415, 1, '2017-04-24 14:04:30', 6, 2456, ''),
(416, 1, '2017-04-24 14:05:09', 6, 2457, ''),
(417, 3, '2017-04-01 00:00:00', 6, 2222, ''),
(418, 3, '2017-04-25 00:00:00', 6, 2199, ''),
(419, 1, '2017-05-06 22:42:35', 6, 2458, ''),
(420, 1, '2017-05-10 10:56:38', 6, 2459, ''),
(421, 1, '2017-05-10 11:05:13', 6, 2460, ''),
(422, 1, '2017-05-10 11:06:06', 6, 2461, ''),
(423, 1, '2017-05-10 11:07:18', 6, 2462, ''),
(424, 1, '2017-05-10 11:08:25', 6, 2463, ''),
(425, 1, '2017-05-10 11:09:30', 6, 2464, ''),
(426, 1, '2017-05-10 11:10:15', 6, 2465, ''),
(427, 1, '2017-05-10 11:11:13', 6, 2466, ''),
(428, 1, '2017-05-10 11:12:06', 6, 2467, ''),
(429, 1, '2017-05-10 11:13:14', 6, 2468, ''),
(430, 1, '2017-05-10 11:15:07', 6, 2469, ''),
(431, 1, '2017-05-10 11:17:19', 6, 2470, ''),
(432, 1, '2017-05-10 11:20:53', 6, 2471, ''),
(433, 4, '2017-05-10 11:23:31', 6, 2472, 'Yếu, mất luôn hôm sau'),
(434, 4, '2017-05-10 11:24:38', 6, 2473, ''),
(435, 1, '2017-05-10 11:25:42', 6, 2474, ''),
(436, 4, '2017-05-10 11:26:48', 6, 2475, ''),
(437, 1, '2017-05-10 11:27:56', 6, 2476, ''),
(438, 4, '2017-05-10 11:28:45', 6, 2477, ''),
(439, 1, '2017-05-10 11:29:30', 6, 2478, ''),
(440, 4, '2017-05-10 11:31:07', 6, 2479, ''),
(441, 4, '2017-04-30 00:00:00', 6, 2452, ''),
(442, 4, '2017-04-30 00:00:00', 6, 2447, ''),
(443, 4, '2017-04-30 00:00:00', 6, 2434, ''),
(444, 4, '2017-04-30 00:00:00', 6, 2435, ''),
(445, 4, '2017-04-30 00:00:00', 6, 2437, ''),
(446, 4, '2017-04-30 00:00:00', 6, 2422, ''),
(447, 4, '2017-04-30 00:00:00', 6, 2424, ''),
(448, 4, '2017-04-30 00:00:00', 6, 2425, ''),
(449, 4, '2017-04-30 00:00:00', 6, 2418, ''),
(450, 3, '2017-04-30 00:00:00', 6, 2414, ''),
(451, 4, '2017-04-30 00:00:00', 6, 2413, ''),
(452, 3, '2017-04-30 00:00:00', 6, 2411, ''),
(453, 4, '2017-04-30 00:00:00', 6, 2404, ''),
(454, 4, '2017-04-30 00:00:00', 6, 2405, ''),
(455, 4, '2017-04-30 00:00:00', 6, 2409, ''),
(456, 4, '2017-04-30 00:00:00', 6, 2399, ''),
(457, 4, '2017-04-30 00:00:00', 6, 2396, ''),
(458, 4, '2017-04-30 00:00:00', 6, 2385, ''),
(459, 4, '2017-04-30 00:00:00', 6, 2362, ''),
(460, 3, '2017-04-30 00:00:00', 6, 2329, ''),
(461, 3, '2017-04-30 00:00:00', 6, 2330, ''),
(462, 3, '2017-04-30 00:00:00', 6, 2331, ''),
(463, 4, '2017-04-30 00:00:00', 6, 2316, ''),
(464, 4, '2017-04-30 00:00:00', 6, 2264, ''),
(465, 1, '2017-05-11 10:39:10', 6, 2480, ''),
(466, 3, '2017-05-11 10:41:08', 6, 2481, ''),
(467, 1, '2017-05-11 10:42:26', 6, 2482, ''),
(468, 1, '2017-05-11 10:43:29', 6, 2483, ''),
(469, 1, '2017-05-11 10:44:47', 6, 2484, ''),
(470, 1, '2017-05-11 10:45:51', 6, 2485, ''),
(471, 1, '2017-05-11 10:47:09', 6, 2486, ''),
(472, 1, '2017-05-11 10:48:58', 6, 2487, ''),
(473, 1, '2017-05-11 10:50:23', 6, 2488, ''),
(474, 1, '2017-05-11 10:51:17', 6, 2489, ''),
(475, 1, '2017-05-11 10:52:12', 6, 2490, ''),
(476, 1, '2017-05-11 11:11:24', 6, 2491, ''),
(477, 1, '2017-05-11 11:13:31', 6, 2492, ''),
(478, 1, '2017-05-11 11:14:29', 6, 2493, ''),
(479, 1, '2017-05-11 11:15:43', 6, 2494, ''),
(480, 1, '2017-05-11 11:20:26', 6, 2495, ''),
(481, 1, '2017-05-11 11:21:32', 6, 2496, ''),
(482, 1, '2017-05-11 11:23:08', 6, 2497, ''),
(483, 1, '2017-05-11 11:24:08', 6, 2498, ''),
(484, 1, '2017-05-11 11:26:06', 6, 2499, ''),
(485, 1, '2017-05-11 11:28:45', 6, 2500, ''),
(486, 1, '2017-05-11 11:30:58', 6, 2501, ''),
(487, 1, '2017-05-11 11:31:45', 6, 2502, ''),
(488, 1, '2017-05-11 11:33:06', 6, 2503, 'Bị herpes TT^TT'),
(489, 3, '2017-05-08 00:00:00', 6, 2349, ''),
(490, 3, '2017-04-28 00:00:00', 6, 2137, ''),
(491, 1, '2017-05-14 22:23:40', 6, 2504, ''),
(492, 1, '2017-05-14 23:08:26', 6, 2505, ''),
(493, 1, '2017-05-14 23:09:14', 6, 2506, ''),
(494, 4, '2017-05-14 23:09:53', 6, 2507, 'yếu, mất luôn trong ngày'),
(495, 1, '2017-05-14 23:10:27', 6, 2508, ''),
(496, 1, '2017-05-14 23:10:49', 6, 2509, ''),
(497, 1, '2017-05-14 23:11:24', 6, 2510, ''),
(498, 1, '2017-05-14 23:11:53', 6, 2511, ''),
(499, 1, '2017-05-14 23:12:21', 6, 2512, ''),
(500, 1, '2017-05-14 23:12:45', 6, 2513, ''),
(501, 1, '2017-05-14 23:13:12', 6, 2514, ''),
(502, 1, '2017-05-14 23:13:42', 6, 2515, ''),
(503, 1, '2017-05-14 23:14:10', 6, 2516, ''),
(504, 1, '2017-05-14 23:14:43', 6, 2517, ''),
(505, 1, '2017-05-14 23:15:07', 6, 2518, ''),
(506, 1, '2017-05-14 23:15:29', 6, 2519, ''),
(507, 4, '2017-05-15 00:00:00', 6, 2519, ''),
(508, 3, '2017-05-15 00:00:00', 6, 2500, ''),
(509, 4, '2017-05-15 00:00:00', 6, 2491, ''),
(510, 4, '2017-05-15 00:00:00', 6, 2492, ''),
(511, 4, '2017-05-15 00:00:00', 6, 2494, ''),
(512, 3, '2017-05-15 00:00:00', 6, 2485, ''),
(513, 4, '2017-05-15 00:00:00', 6, 2482, ''),
(514, 4, '2017-05-15 00:00:00', 6, 2478, ''),
(515, 4, '2017-05-15 00:00:00', 6, 2467, ''),
(516, 4, '2017-05-15 00:00:00', 6, 2469, ''),
(517, 4, '2017-05-15 00:00:00', 6, 2463, ''),
(518, 4, '2017-05-15 00:00:00', 6, 2464, ''),
(519, 4, '2017-04-30 00:00:00', 6, 2459, '15/05/17: lạc'),
(520, 4, '2017-04-23 00:00:00', 6, 2456, ''),
(521, 4, '2017-05-15 00:00:00', 6, 2457, ''),
(522, 4, '2017-05-15 00:00:00', 6, 2431, ''),
(523, 4, '2017-05-15 00:00:00', 6, 2408, ''),
(524, 4, '2017-05-15 00:00:00', 6, 2338, ''),
(525, 3, '2017-05-18 00:00:00', 6, 2233, ''),
(526, 1, '2017-05-21 20:44:30', 6, 2520, 'Gẫy chân'),
(527, 1, '2017-05-21 20:45:39', 6, 2521, ''),
(528, 1, '2017-05-21 20:54:27', 6, 2522, ''),
(529, 1, '2017-05-21 20:55:13', 6, 2523, ''),
(530, 1, '2017-05-21 20:56:42', 6, 2524, ''),
(531, 1, '2017-05-21 20:58:10', 6, 2525, ''),
(532, 1, '2017-05-21 20:58:49', 6, 2526, ''),
(533, 1, '2017-05-21 20:59:34', 6, 2527, ''),
(534, 1, '2017-05-21 21:00:21', 6, 2528, ''),
(535, 1, '2017-05-21 21:01:06', 6, 2529, ''),
(536, 1, '2017-05-21 21:01:58', 6, 2530, ''),
(537, 1, '2017-05-21 21:02:39', 6, 2531, 'GBC'),
(538, 1, '2017-05-21 21:03:19', 6, 2532, ''),
(539, 1, '2017-05-21 21:05:38', 6, 2533, ''),
(540, 1, '2017-05-21 21:13:00', 6, 2534, ''),
(541, 3, '2017-05-21 00:00:00', 6, 2518, ''),
(542, 4, '2017-05-21 00:00:00', 6, 2513, ''),
(543, 3, '2017-05-21 00:00:00', 6, 2501, ''),
(544, 4, '2017-05-21 00:00:00', 6, 2498, ''),
(545, 4, '2017-05-21 00:00:00', 6, 2495, ''),
(546, 4, '2017-05-21 00:00:00', 6, 2496, ''),
(547, 1, '2017-05-15 00:00:00', 6, 2478, ''),
(548, 1, '2017-05-26 23:20:22', 4, 2535, ''),
(549, 1, '2017-05-26 23:21:11', 4, 2536, ''),
(550, 1, '2017-05-26 23:21:55', 4, 2537, ''),
(551, 1, '2017-05-26 23:22:43', 4, 2538, ''),
(552, 1, '2017-05-26 23:23:23', 4, 2539, ''),
(553, 1, '2017-05-26 23:24:08', 4, 2540, ''),
(554, 4, '2017-05-26 23:24:52', 4, 2541, ''),
(555, 1, '2017-05-26 23:25:21', 4, 2542, ''),
(556, 4, '2017-05-24 00:00:00', 4, 2516, ''),
(557, 3, '2017-05-24 00:00:00', 4, 2502, ''),
(558, 4, '2017-05-24 00:00:00', 4, 2442, ''),
(559, 4, '2017-05-26 00:00:00', 4, 2526, ''),
(560, 1, '2017-05-29 22:21:50', 6, 2543, ''),
(561, 3, '2017-05-29 22:43:56', 6, 2544, ''),
(562, 1, '2017-05-29 22:45:38', 6, 2545, ''),
(563, 1, '2017-05-29 22:47:12', 6, 2546, ''),
(564, 1, '2017-05-29 22:48:13', 6, 2547, ''),
(565, 1, '2017-05-29 22:48:53', 6, 2548, ''),
(566, 1, '2017-05-29 22:49:30', 6, 2549, ''),
(567, 1, '2017-05-29 22:51:28', 6, 2550, ''),
(568, 1, '2017-05-29 22:52:19', 6, 2551, ''),
(569, 1, '2017-05-29 22:53:05', 6, 2552, ''),
(570, 1, '2017-05-29 22:55:34', 6, 2553, ''),
(571, 1, '2017-05-29 22:56:21', 6, 2554, ''),
(572, 1, '2017-05-29 22:57:12', 6, 2555, 'tiên lượng xấu'),
(573, 1, '2017-05-29 22:57:51', 6, 2556, ''),
(574, 3, '2017-06-04 00:00:00', 6, 2355, ''),
(575, 2, '2017-06-04 00:00:00', 6, 2246, ''),
(576, 3, '2017-05-25 00:00:00', 6, 2353, ''),
(577, 2, '2017-06-01 00:00:00', 6, 2375, ''),
(578, 3, '2017-05-28 00:00:00', 6, 2278, ''),
(579, 1, '2017-06-11 22:19:43', 6, 2557, ''),
(580, 1, '2017-06-11 22:20:35', 6, 2558, ''),
(581, 1, '2017-06-11 22:21:31', 6, 2559, ''),
(582, 1, '2017-06-11 22:22:09', 6, 2560, ''),
(583, 1, '2017-06-11 22:23:21', 6, 2561, ''),
(584, 1, '2017-06-11 22:23:56', 6, 2562, ''),
(585, 1, '2017-06-11 22:24:35', 6, 2563, ''),
(586, 1, '2017-06-11 22:25:13', 6, 2564, ''),
(587, 1, '2017-06-11 22:26:00', 6, 2565, ''),
(588, 1, '2017-06-11 22:27:11', 6, 2566, ''),
(589, 1, '2017-06-11 22:27:51', 6, 2567, ''),
(590, 4, '2017-06-11 22:28:50', 6, 2568, 'yếu, đã mất'),
(591, 1, '2017-06-11 22:29:17', 6, 2569, ''),
(592, 1, '2017-06-11 22:29:53', 6, 2570, ''),
(593, 1, '2017-06-11 22:30:32', 6, 2571, ''),
(594, 1, '2017-06-11 22:31:12', 6, 2572, ''),
(595, 4, '2017-06-03 00:00:00', 6, 2555, 'tiên lượng xấu'),
(596, 4, '2017-06-03 00:00:00', 6, 2551, ''),
(597, 4, '2017-06-03 00:00:00', 6, 2545, ''),
(598, 3, '2017-06-03 00:00:00', 6, 2538, ''),
(599, 4, '2017-06-03 00:00:00', 6, 2531, 'GBC'),
(600, 4, '2017-06-03 00:00:00', 6, 2524, ''),
(601, 4, '2017-06-03 00:00:00', 6, 2521, ''),
(602, 4, '2017-06-03 00:00:00', 6, 2517, ''),
(603, 4, '2017-06-03 00:00:00', 6, 2504, ''),
(604, 3, '2017-06-03 00:00:00', 6, 2499, ''),
(605, 4, '2017-06-03 00:00:00', 6, 2486, ''),
(606, 1, '2017-06-12 08:25:02', 6, 2573, ''),
(607, 1, '2017-06-12 08:26:07', 6, 2574, ''),
(608, 1, '2017-06-12 08:26:57', 6, 2575, ''),
(609, 1, '2017-06-12 08:27:44', 6, 2576, ''),
(610, 1, '2017-06-12 08:28:24', 6, 2577, ''),
(611, 1, '2017-06-12 08:28:58', 6, 2578, ''),
(612, 1, '2017-06-12 08:29:33', 6, 2579, ''),
(613, 1, '2017-06-12 08:33:51', 6, 2580, ''),
(614, 1, '2017-06-12 08:59:20', 6, 2581, ''),
(615, 1, '2017-06-12 09:00:27', 6, 2582, ''),
(616, 1, '2017-06-12 09:02:10', 6, 2583, ''),
(617, 4, '2017-06-12 09:02:43', 6, 2584, ''),
(618, 1, '2017-06-12 09:03:20', 6, 2585, ''),
(619, 4, '2017-06-11 00:00:00', 6, 2585, ''),
(620, 1, '2017-06-19 21:02:52', 4, 2586, ''),
(621, 1, '2017-06-19 21:03:39', 4, 2587, ''),
(622, 3, '2017-06-12 00:00:00', 4, 2484, ''),
(623, 1, '2017-06-27 00:00:00', 6, 2544, '27/06/17: chủ trả lại'),
(624, 3, '2017-06-18 00:00:00', 6, 2318, ''),
(625, 3, '2017-06-18 00:00:00', 6, 2476, ''),
(626, 3, '2017-06-20 00:00:00', 6, 2294, ''),
(627, 1, '2017-08-23 20:05:59', 4, 2588, ''),
(628, 1, '2017-08-23 20:08:01', 6, 2589, ''),
(629, 1, '2017-08-23 20:09:27', 6, 2590, ''),
(630, 1, '2017-08-23 20:10:40', 6, 2591, ''),
(631, 1, '2017-08-23 20:12:07', 6, 2592, ''),
(632, 1, '2017-08-23 20:13:15', 6, 2593, ''),
(633, 1, '2017-08-23 20:14:26', 6, 2594, ''),
(634, 1, '2017-08-23 20:38:46', 6, 2595, ''),
(635, 1, '2017-08-23 20:45:53', 6, 2596, ''),
(636, 1, '2017-08-23 20:47:35', 6, 2597, ''),
(637, 1, '2017-08-24 12:42:40', 6, 2598, ''),
(638, 1, '2017-08-24 12:51:55', 6, 2599, ''),
(639, 1, '2017-08-24 21:31:41', 6, 2600, '');

-- --------------------------------------------------------

--
-- Table structure for table `animal_transporter`
--

CREATE TABLE `animal_transporter` (
  `id` int(11) NOT NULL,
  `animal_id` int(11) DEFAULT NULL,
  `transporter_id` int(11) DEFAULT NULL,
  `input_date` datetime DEFAULT NULL,
  `output_date` datetime DEFAULT NULL,
  `note` text COLLATE utf8_bin
) ENGINE=InnoDB DEFAULT CHARSET=utf8 COLLATE=utf8_bin;

-- --------------------------------------------------------

--
-- Table structure for table `charity`
--

CREATE TABLE `charity` (
  `id` int(11) NOT NULL,
  `note` text COLLATE utf8_bin,
  `name` varchar(500) CHARACTER SET utf8 DEFAULT NULL,
  `sponsor` varchar(200) COLLATE utf8_bin DEFAULT NULL,
  `input_date` datetime DEFAULT NULL
) ENGINE=InnoDB DEFAULT CHARSET=utf8 COLLATE=utf8_bin;

-- --------------------------------------------------------

--
-- Table structure for table `conditions`
--

CREATE TABLE `conditions` (
  `id` int(11) NOT NULL,
  `name` varchar(100) COLLATE utf8_bin NOT NULL
) ENGINE=InnoDB DEFAULT CHARSET=utf8 COLLATE=utf8_bin;

--
-- Dumping data for table `conditions`
--

INSERT INTO `conditions` (`id`, `name`) VALUES
(1, 'Bình thường/cần theo dõi'),
(2, 'Liệt'),
(3, 'Ghẻ'),
(4, 'Mèo sữa'),
(5, 'Khác');

-- --------------------------------------------------------

--
-- Table structure for table `deposit`
--

CREATE TABLE `deposit` (
  `id` int(11) NOT NULL,
  `amount` double NOT NULL,
  `input_date` datetime NOT NULL,
  `reason_id` int(11) NOT NULL,
  `note` text COLLATE utf8_bin
) ENGINE=InnoDB DEFAULT CHARSET=utf8 COLLATE=utf8_bin;

-- --------------------------------------------------------

--
-- Table structure for table `hospital`
--

CREATE TABLE `hospital` (
  `id` int(11) NOT NULL,
  `name` varchar(300) COLLATE utf8_bin NOT NULL,
  `phone` varchar(15) COLLATE utf8_bin DEFAULT NULL,
  `address` varchar(300) COLLATE utf8_bin DEFAULT NULL,
  `note` text COLLATE utf8_bin
) ENGINE=InnoDB DEFAULT CHARSET=utf8 COLLATE=utf8_bin;

--
-- Dumping data for table `hospital`
--

INSERT INTO `hospital` (`id`, `name`, `phone`, `address`, `note`) VALUES
(1, ' Hanoi Vet Clinic - 3 Văn Cao', '04.6253.4629', 'Số 3 Văn Cao', ' 0986.168.126 A HUY'),
(2, 'Bệnh xá thú y 74 Trường Chinh', '', '74 Trường Chinh', ''),
(3, 'Family Vet Clinic', '', 'Nguyễn Lương Bằng', ''),
(4, ' Hanoi Vet Clinic -335 Kim Ngưu', '04.3826.3366', '335 Kim Ngưu', '098.2468.126 A Thắng TP'),
(5, 'Hanoi Vet Clinic - 2F HHT', '0466508126', '2F Hoàng Hoa Thám', '	0169.246.591 chị Nhung TP'),
(6, 'Sunpet- Funpet', '0966693331', '83 Giải Phóng', ''),
(7, 'Pethealth', '0972115046', '240 Âu Cơ', 'Những ca bình thường chỉ cần chăm sóc chu đáo'),
(8, 'Hải Đăng Petcare', '012560115115', '304 Lê Duẩn', 'Châm cứu tốt'),
(9, 'Vietvet', '043 7199994', '95 Nghi Tàm', 'Chỉ nên giới thiệu chó mà nói chung nên hạn chế phòng khám này'),
(10, 'Asvelis', '0437182779', 'Số 2, ngõ 67, Tô Ngọc Vân, Tây Hồ', 'Chi phí khá cao. Bác sĩ thú y tốt và rất nhiệt tình'),
(11, 'Animal Care', '0978.776.099', 'Số 16 ngõ 424 Thuỵ Khuê – Tây Hồ - Hà Nội', 'Chó mèo bị bệnh truyền nhiễm có thể đem đến đây chữa vì khả năng khỏi cao hơn các phòng khám khác, giới thiệu giảm bạch cầu, care...\r\nSĐT bàn: 042.246.1946'),
(12, 'Gaia', '0946661080 ', 'Đường 1 - Khu tập thể quân đội F361, An Dương, Phường Yên Phụ, Tây Hồ - Hà Nội', 'Điều kiện vật chất tốt nên chi phí khá cao\r\nSĐT khác: 043.795.6956'),
(13, 'Happy Pet Clinic', '0903268266', '103 B, ngõ 12, Đặng Thai Mai, Tây Hồ', 'SĐT khác: 0437183621'),
(14, 'Hanvet', '', '88 Trường Chinh / 490 Hoàng Hoa Thám / 126 Trung Kính, Cầu Giấy ', ''),
(15, 'Bà Vân Nông nghiệp', '', 'Trâu Quỳ, Gia Lâm', 'châm cứu tốt, thường gửi các case liệt về đây');

-- --------------------------------------------------------

--
-- Table structure for table `notification`
--

CREATE TABLE `notification` (
  `id` int(11) NOT NULL,
  `status` tinyint(1) NOT NULL DEFAULT '1',
  `subject` varchar(1000) COLLATE utf8_bin DEFAULT NULL,
  `message` text COLLATE utf8_bin,
  `notice_date` datetime DEFAULT NULL,
  `created_by` int(11) DEFAULT NULL,
  `created_date` datetime DEFAULT NULL,
  `to_role_group` int(11) DEFAULT NULL,
  `animal_id` int(11) DEFAULT NULL
) ENGINE=InnoDB DEFAULT CHARSET=utf8 COLLATE=utf8_bin;

-- --------------------------------------------------------

--
-- Table structure for table `reason`
--

CREATE TABLE `reason` (
  `id` int(11) NOT NULL,
  `name` varchar(100) CHARACTER SET utf8 NOT NULL,
  `type` tinyint(11) NOT NULL
) ENGINE=InnoDB DEFAULT CHARSET=utf8 COLLATE=utf8_bin;

--
-- Dumping data for table `reason`
--

INSERT INTO `reason` (`id`, `name`, `type`) VALUES
(1, 'Quyên góp cá nhân', 1),
(2, 'Thu nhập từ kinh doanh', 1),
(3, 'Tài trợ của các tổ chức', 1),
(4, 'Khác', 1),
(5, 'Viện phí', 0),
(6, 'Trợ cấp TNV', 0),
(7, 'Chi phí cho nhà chung', 0),
(8, 'Chi phí truyền thông', 0),
(9, 'Khác', 0);

-- --------------------------------------------------------

--
-- Table structure for table `role_info`
--

CREATE TABLE `role_info` (
  `role_info_id` int(11) NOT NULL,
  `role_name` varchar(45) COLLATE utf8_bin NOT NULL,
  `role_description` varchar(45) COLLATE utf8_bin NOT NULL
) ENGINE=InnoDB DEFAULT CHARSET=utf8 COLLATE=utf8_bin;

--
-- Dumping data for table `role_info`
--

INSERT INTO `role_info` (`role_info_id`, `role_name`, `role_description`) VALUES
(1, 'ROLE_SYSADMIN', 'System Admin'),
(2, 'ROLE_CUUHO', 'Nhóm Cứu Hộ'),
(3, 'ROLE_TIMCHU', 'Nhóm Tìm Chủ'),
(4, 'ROLE_TAICHINH', 'Nhóm Tài Chính'),
(5, 'ROLE_TRUYENTHONG', 'Nhóm Truyền Thông - Gây Quỹ'),
(6, 'ROLE_FOSTER', 'Nhóm Foster'),
(7, 'ROLE_TRANSPORTER', 'Nhóm Vận Chuyển'),
(8, 'ROLE_HOST', 'Nhóm Chủ Nuôi');

-- --------------------------------------------------------

--
-- Table structure for table `statuses`
--

CREATE TABLE `statuses` (
  `id` int(11) NOT NULL,
  `name` varchar(45) COLLATE utf8_bin NOT NULL
) ENGINE=InnoDB DEFAULT CHARSET=utf8 COLLATE=utf8_bin;

--
-- Dumping data for table `statuses`
--

INSERT INTO `statuses` (`id`, `name`) VALUES
(1, 'Đang được cứu hộ'),
(2, 'Đã báo chuyển chủ'),
(3, 'Đã chuyển chủ'),
(4, 'Đã chết/xổng');

-- --------------------------------------------------------

--
-- Table structure for table `user_info`
--

CREATE TABLE `user_info` (
  `user_info_id` int(11) NOT NULL,
  `name` varchar(45) COLLATE utf8_bin DEFAULT NULL,
  `username` varchar(45) CHARACTER SET utf8 NOT NULL,
  `email` varchar(45) COLLATE utf8_bin DEFAULT NULL,
  `password` varchar(100) COLLATE utf8_bin DEFAULT NULL,
  `avatar` varchar(100) COLLATE utf8_bin DEFAULT NULL,
  `gender` char(1) CHARACTER SET utf8 DEFAULT NULL,
  `phone` varchar(15) COLLATE utf8_bin DEFAULT NULL,
  `address` varchar(100) COLLATE utf8_bin DEFAULT NULL,
  `note` varchar(100) COLLATE utf8_bin DEFAULT NULL,
  `accountNonExpired` tinyint(1) DEFAULT NULL,
  `accountNonLocked` tinyint(1) DEFAULT NULL,
  `enabled` tinyint(1) DEFAULT NULL,
  `passwordNonExpired` tinyint(1) DEFAULT NULL,
  `loginAttemplts` tinyint(1) DEFAULT NULL
) ENGINE=InnoDB DEFAULT CHARSET=utf8 COLLATE=utf8_bin;

--
-- Dumping data for table `user_info`
--

INSERT INTO `user_info` (`user_info_id`, `name`, `username`, `email`, `password`, `avatar`, `gender`, `phone`, `address`, `note`, `accountNonExpired`, `accountNonLocked`, `enabled`, `passwordNonExpired`, `loginAttemplts`) VALUES
(1, 'System Admin', 'sysadmin', 'info@trungtamweb.vn', '$2a$10$LAjdGW98yfRA7d.y5yuZheEzMFzuIRBNPbSOVFyPpWlbeHxnV87w.', '1-lien-ket-software-logo-app.jpg', 'M', '0986983766', '98 Tô Vĩnh Diện, Thanh Xuân, Hà Nội', 'Công Ty TNHH Phần Mềm Liên Kết', 1, 1, 1, 1, 0),
(2, 'Nhà Chung', 'nhachung', '', '$2a$10$Ow19WuDrxGfRY6BKKggvceWHkyhnM.iamsZz3mLRjDitmfUfnU5QG', NULL, 'M', '', '', '', 1, 1, 1, 1, 0),
(3, 'Vũ Thị Thu Trang', 'Trangvtt', 'trangvtvn@gmail.com', '$2a$10$ekNfnDFg0OXNSGZefsk9keqeEjzWfac4nDauXN7b7Sdpg960D8Z62', NULL, 'G', '0922 585 701', 'Hoàng Mai HN', 'thành viên nhóm truyền thông, tài chính', 1, 1, 1, 1, 0),
(4, 'Đỗ Ngọc', 'Đỗ Ngọc', 'ngocdo.1986@gmail.com', '$2a$10$j9FKVQckDaLMWQ4CtJ6EhOJcpeiGmnP0IM3hCmkhORDL4a4dl1Xv6', NULL, 'G', '0936701986', 'Lo Duc', '', 1, 1, 1, 1, 0),
(5, 'Phạm Hoa', 'Phạm Hoa', '', '$2a$10$DcItz.S2VaARpoiHnOVWZuqwqd.q/KSpKv2LbebVbJs6GZW5sLGcK', NULL, 'G', '0912543543', 'Số 9 ngõ 286 Ngọc Thụy, Long Biên', '', 1, 1, 1, 1, 0),
(6, 'Miu', 'Mờ Iu Miu', 'trantham280@gmail.com', '$2a$10$j0d3YKlI9guc3WAb2vV7iexKtqs8qlmKikGBpOV5IC5mgVUNeajym', '6-hổ yêu.jpg', 'M', '01629450852', '', '', 1, 1, 1, 1, 0),
(7, 'Trần Hương', 'Trần Hương', '', '$2a$10$FSnNEpe9U/Y9S2WE8/nwOui5yhxX46YxDkm9o3TrfaOsjKNRFrYtG', NULL, 'G', '01298678681', 'ngõ 85 Nguyễn An Ninh', 'https://www.facebook.com/vawoehfwqo?lst=100004261410957%3A100010028134691%3A1488212855\r\n', 1, 1, 1, 1, 0),
(8, 'Đỗ Thảo', 'dothao', '', '$2a$10$ItEHWDmYe9za.CAIzxabFO9fRClxcdp.pNW109Pbg1pM/nzUWlAoS', NULL, 'G', '', '', '', 1, 1, 1, 1, 0),
(9, 'fos tây', 'fos tây', '', '$2a$10$w24cUhvwb508nZ.BnuJWUOLfEeTdwnxM2g7ZNQB2dig/s0.BAS0oe', NULL, 'M', '', '', '', 1, 1, 1, 1, 0),
(10, 'fos tây', 'fos tây', '', '$2a$10$68Y1lxvUZ6ZKzqcxZgtFx.nZP3vbDv14HN4X3Mg/YcovV9aHnP2XO', NULL, 'M', '', '', '', 1, 1, 1, 1, 0),
(11, 'Nga Trần', 'Nga Trần', '', '$2a$10$ui.1KVQ24fIXzpJZtkIdS.38T9m6yRQoFFZzyYGqKCZKajMl0ggZu', NULL, 'M', '', '', '', 1, 1, 1, 1, 0),
(12, 'Head Shrinker', 'Head Shrinker', '', '$2a$10$MPtW0AoTw.8eWrtFmHUS6eo1OT.t2lpfh2yuF34ORCCnqdbDbpMd2', NULL, 'G', '', '', '', 1, 1, 1, 1, 0),
(13, 'Lavie En Rose', 'Lavie En Rose', '', '$2a$10$ZkQgB1RGRwgfMzu8YRxT5.Fdo0q8JkBY2.9wK1HtLiNBAuUPDKGYa', NULL, 'G', '', '', '', 1, 1, 1, 1, 0),
(14, 'Đông Phương Pizi', 'Đông Phương Pizi', '', '$2a$10$/vuEH8YlaoP9QKq1v5cot.xvW9FceWyU2fTq.Wc2a5RPlZxcFnNEG', NULL, 'G', '', '', '', 1, 1, 1, 1, 0),
(15, 'Huong Hoang', 'Huong Hoang', '', '$2a$10$Y46XdBxg3a/Mr.YOhiDbZOTS8LPNLQgzM3wUzTiHqMKRkavq.ZwJS', NULL, 'G', '0936003337', 'Thiên Đường Bảo Sơn', '', 1, 1, 1, 1, 0),
(16, 'Duy Lê', 'Duy Lê', '', '$2a$10$KhsPwRNXshKpAQ9kUsxJY.W8Ku7xJhlQxjcaMbejxNCE.rVWxoEzK', NULL, 'M', '', '', '', 1, 1, 1, 1, 0),
(17, 'Duong Phan', 'Duong Phan', '', '$2a$10$BFXFt/2T5S6ailkM/BzyU.fUJ6MwQf6OzmJ5S78N3gwVxjWioa.3m', NULL, 'G', '', '', '', 1, 1, 1, 1, 0),
(18, 'Duong Phan', 'Duong Phan', '', '$2a$10$QH62AzR/f00wgDwo1bG2OuD0GdxVTf7FS.gpwWXFaeXM8urf6T.Ie', NULL, 'G', '', '', '', 1, 1, 1, 1, 0),
(19, 'Sau Sau', 'Sau Sau', '', '$2a$10$qimU4tKEkj2LLHrWFSBDr.d57fgGHKq5BJU7zl05gSxZTwIrG0FNq', NULL, 'G', '', '', '', 1, 1, 1, 1, 0),
(20, 'Ha Nguyen Minh', 'Ha Nguyen Minh', '', '$2a$10$OQ2hNZ4CMbwizDK9mf8NnOm3IvTJZC7gRqRs.EWOPiLxE/Vr4a9iW', NULL, 'G', '', '', '', 1, 1, 1, 1, 0),
(21, 'Loan Đỗ', 'Loan Đỗ', '', '$2a$10$2kM.BhLSU0rhDOVTe06lX.L3N8.UHorTi9G7jGX6lz.sfym25A3Eu', NULL, 'G', '', '', '', 1, 1, 1, 1, 0),
(22, 'Việt Trung', 'Việt Trung', '', '$2a$10$5c0CIivoM6tVBZpmvWg2V.BuZ1YMkfYpih33Ll5DtzlsIqxWucT8W', NULL, 'M', '', '', '', 1, 1, 1, 1, 0),
(23, 'Anh Thu Vuong', 'Anh Thu Vuong', '', '$2a$10$ybxZF44uvpAdUw.H4yFPNecUggC7KOiLJvK8vW1iBHZSVPOXEq8Ey', NULL, 'G', '', '', '', 1, 1, 1, 1, 0),
(24, 'Le Anh Tuyet', 'Le Anh Tuyet', '', '$2a$10$hyt.hAJKvkoHwUvJPUolfuiFRnL8Bk0YMVBsjHFF/.b5A.wEI6562', NULL, 'G', '', '', '', 1, 1, 1, 1, 0),
(25, 'Pham Hai Ha', 'Pham Hai Ha', '', '$2a$10$o8UI1M6dCNQOk3AzjOExK.7Me7vr2nUtkXLYIiwD8.Wo4z8A6Aq2G', NULL, 'M', '', '', '', 1, 1, 1, 1, 0),
(26, 'Sun Phạm', 'Sun Phạm', '', '$2a$10$xtzVO318cgb//0kO/85v8OIx0SWda9tEKzSlXkWL94SFQgak7Wu1y', NULL, 'G', '', '', '', 1, 1, 1, 1, 0),
(27, 'Nguyen Trung Kien', 'Nguyen Trung Kien', '', '$2a$10$SZR6DILeG9YI1AQK/AIlUeU747i0v2q6hqkopCIXmEazxf4u86xzm', NULL, 'M', '', '', '', 1, 1, 1, 1, 0),
(28, 'Đinh Changg', 'Đinh Changg', '', '$2a$10$S7sM8JV25dKud.8cuUmodexkaZVuTw.ec5zElZlkjn844faWAO/fS', NULL, 'G', '', '', '', 1, 1, 1, 1, 0),
(29, 'Ngọc Hà', 'Ngọc Hà', '', '$2a$10$MJ0ICGnwMdV497D.5WkQFO3a0gkOuVUsU.ss/U01Mwx2obRmytUVK', NULL, 'G', '', '', '', 1, 1, 1, 1, 0),
(30, 'Cô Ngân', 'Cô Ngân', '', '$2a$10$H4Y6qDJ6RrHUDslcKWkgWueN4r3mzU3wsQ09nnKsuaMZvXEcY6.rO', NULL, 'G', '0903403135', '55b hàng chuối', '', 1, 1, 1, 1, 0),
(31, 'Huyền HKT', 'Huyền HKT', '', '$2a$10$0WCsho1bNP/SGZFY14eeR.8bToUN6bLBdBxr0L9P72Xff8ISSqdwm', NULL, 'G', '', '', '', 1, 1, 1, 1, 0),
(32, 'Nguyễn Phương Anh', 'Nguyễn Phương Anh', '', '$2a$10$Y8godr2m4SqvStd7aGFOFOKzBMd4t4Nnm5U/aT.MWqkjyuLiX5tMm', NULL, 'G', '', '', '', 1, 1, 1, 1, 0),
(33, 'Thu Thu Hà', 'Thu Thu Hà', 'ngothuha231@gmail.com	', '$2a$10$wBbAbjCn1nt/iqHl3hBniuF.6lBn1MNBaNHEVhwdpN2BqR1drFmHa', NULL, 'G', '', 'Xã Đàn', '', 1, 1, 1, 1, 0),
(34, 'Tuấn Anh Sama', 'Tuấn Anh Sama', '', '$2a$10$19QTBU28onfltlx3YgAOTOkNwTndCdcJQ/5wX0Er09igUu2we5KUa', NULL, 'M', '', '', '', 1, 1, 1, 1, 0),
(35, 'Nguyễn Hươgg', 'Nguyễn Hương', '', '$2a$10$j4RTya1P.fsSgl5JZROFZO.0wkXc/egdK3q0euq/KNC5aidW/r3.C', NULL, 'G', '', '', '', 1, 1, 1, 1, 0),
(36, 'Vân Trịnh', 'Vân Trịnh', '', '$2a$10$3mc9Kr8lWLkzw4wFQRLmXOS3VP7HrEwLn.IrifH1qu.snsCFgrGDS', NULL, 'G', '0936363820', 'Chung cư Trung Yên 1, đối diện 123 Trung Kính', '', 1, 1, 1, 1, 0),
(37, 'Phạm Ngân', 'Phạm Ngân', '', '$2a$10$1s4hZbSfS.IiF7ejhzcvIuppYo4ucNvgucoHixbehIYDxqbuADDMi', NULL, 'G', '', '', '', 1, 1, 1, 1, 0),
(38, 'Moth Do', 'Moth Do', '', '$2a$10$slkjWQM1VrpPcvhA5jxRn./64WAQ5AFggRowxVk63WO4gYHNdn4ea', NULL, 'G', '', '', '', 1, 1, 1, 1, 0),
(39, 'Fade Phương', 'Quỳnh Sunny', '', '$2a$10$/4CbOb.PTT9RMwziQyaQAuvZjUHQQk3bWPff9xSS/VN8p9HdjEa6e', NULL, 'G', '', '', '', 1, 1, 1, 1, 0),
(40, 'Quỳnh Sunny', 'Quỳnh Sunny', '', '$2a$10$VOQjQl3AR6DpRVhNJvyK3.fQUhOygHqf8bKE0eI955yPhCXdQkKdu', NULL, 'G', '', '', '', 1, 1, 1, 1, 0),
(41, 'Hải Yến', 'Hải Yến', '', '$2a$10$jQWXgmKkoXhoMd7ytZqsv.1ir9OnR926Q9vBIAfXQvDXvT8kOW1f2', NULL, 'G', '', '', '', 1, 1, 1, 1, 0),
(42, 'Thái Trung Anh', 'Thái Trung Anh', '', '$2a$10$zurA/bhhDllTj9f2GtL8QO7XGl5s9Zks.C.d47HGX33wbgHnU/YD2', NULL, 'G', '', '', '', 1, 1, 1, 1, 0),
(43, 'Vũ Khúc', 'Vũ Khúc', '', '$2a$10$p0.NOPTtonfdvYPKkfJePO0gZ3Lvr.bLW6xGRJuhyy8eKQeaDmlz2', NULL, 'G', '01678846094', '122 Đại La', '', 1, 1, 1, 1, 0),
(44, 'Hoa Nguyễn', 'Hoa Nguyễn', '', '$2a$10$LozTs9e6.R7xu0gZ/PYaAecoq7hwXAah0Uqfis8ahxnpC0E4c587q', NULL, 'G', '0914452902', '53 Cầu Gỗ', '', 1, 1, 1, 1, 0),
(45, 'Thanh Nhàn', 'Thanh Nhàn', '', '$2a$10$/JiCWgdsHlEM5R7cMevWt.nlkmsbVkEekzmqDtqudBL8Aak0PLJHC', NULL, 'G', '', '', '', 1, 1, 1, 1, 0),
(46, 'Niệm Bắc', 'Niệm Bắc', '', '$2a$10$UfEj6BbKNUbO8.0.4kxEzui8mf5r/Ks.oxgYlI1KC4m3PyjtVWar6', NULL, 'M', '', '', '', 1, 1, 1, 1, 0),
(47, 'Phùng Minh Thái', 'Phùng Minh Thái', '', '$2a$10$2FDgZbQusx3X1RZjNlV0lOUhu.JUQX6n5HD6ML7Iv6IPoINuvuh5u', NULL, 'M', '', '', '', 1, 1, 1, 1, 0),
(48, 'Thủy Phù Dung', 'Thủy Phù Dung', '', '$2a$10$.w5wGREYSW7KFuiMaPbUSOX8yY4cqHPgfPd8xoaOjN50AMuKOJDs.', NULL, 'G', '', '', '', 1, 1, 1, 1, 0),
(49, 'Hà Phạm', 'Hà Phạm', '', '$2a$10$fPJtK7Y8vviM9vqdedrPbuOQ/SDVCY7WVz7OzGE3KNMFnGEMGFRz2', NULL, 'M', '', '', '', 1, 1, 1, 1, 0),
(50, 'Khô Nai', 'Khô Nai', '', '$2a$10$5/l1f0YOBmQ8HGOErB94Ie2G7gtISKvEMIbWBYeXsnftqabdAndqC', NULL, 'G', '0914596658', '91, ngõ 580 trường chinh', '', 1, 1, 1, 1, 0),
(51, 'Cao Trí', 'Cao Trí', '', '$2a$10$gU6Ne.H2eRMrsZBpaMiJ4OaLlT4Hul39lbb6vZczMuXL4JYxXz84q', NULL, 'M', '', '', '', 1, 1, 1, 1, 0),
(52, 'Ha Dinh', 'Ha Dinh', '', '$2a$10$6F8QlcmEjQmTQ8WeMgFDleG6q/Wfbq6At2uZBZUW5swMfCX8U2cAy', NULL, 'G', '', '', '', 1, 1, 1, 1, 0),
(53, 'Thu Hà Trần', 'Thu Hà Trần', '', '$2a$10$z4Fiwnq0PH7gv.fqYh1McumvcsFNQUZj84Hjfq.nm3cOIdHAcp20e', NULL, 'G', '', '', '', 1, 1, 1, 1, 0),
(54, 'Thùy Dung Lê', 'Thùy Dung Lê', '', '$2a$10$zHH6t.S8/MenpIENeS.Ii.iVohI8ZvlqSb/wCq9pnJpj9dMNWTIfC', NULL, 'G', '01277831833', '12 ngõ 410 Bạch Đằng', '', 1, 1, 1, 1, 0),
(55, 'Hoàng Ngọc Thu', 'La Vie En Rose', 'hoangngocthu2712@gmail.com', '$2a$10$cttNpO/koebqOEZ9QQ/wBuNb9/Vs4OJRxm3BvYlxOM7atz22JL2Di', NULL, 'G', '01628743850', 'số 45 ngõ 1 Nghĩa Dũng, Ba Đình, Hà Nội', '', 1, 1, 1, 1, 0),
(56, 'Minh Yến', 'Minh Yến', '', '$2a$10$d6rpFdjQJDG4BIQnFV4PP.tsmnjZ2/ICBcnpTE2kOsu25SH9y.OCG', NULL, 'G', '', '', '', 1, 1, 1, 1, 0),
(57, 'Linh Vũ', 'Linh Vũ', '', '$2a$10$kgDJrw0qv/t0.EjhR7oyde3kiJFbOG6v5nqcJU0tigUrmn.I9kLZi', NULL, 'G', '', '', '', 1, 1, 1, 1, 0),
(58, 'Vy Vy', 'Vy Vyvy', '', '$2a$10$fusckJdZJsu8VCDs4hMu9eF6.Jg5xX2MisCTVAXqWBTbwho5TSnru', NULL, 'G', '', '', '', 1, 1, 1, 1, 0),
(59, 'Thu Thu Hà', 'Thu Thu Hà', '', '$2a$10$9jzuxQ/shOdJJ7J/MXgCB.T3mY49HqkeLIi6oQk7Z2OtE.A1oz1kq', NULL, 'G', '', '', '', 1, 1, 1, 1, 0),
(60, 'Thu Thu Hà', 'Thu Thu Hà', 'ngothuha231@gmail.com', '$2a$10$xp1tH5MEGygKuPC3Z8U9qOnB3OK5dDd92wHwOGBejbXbMGvAVAXCG', NULL, 'G', '', '', '', 1, 1, 1, 1, 0),
(61, 'Lavie', 'Lavie En Rose', 'Hoangngocthu2712@gmail. Com', '$2a$10$oSHrNVp.uoCRU4wfdVEAwuNe9ENjkCgO4F.883q1ezx8F5WYdS10u', NULL, 'G', '', '', '', 1, 1, 1, 1, 0),
(62, 'không rõ', 'không rõ', '', '$2a$10$6p6ti2PB8DTjMnv./MRVCevl/g8U071fxK2PNlv8uqiFCIHOabsM.', NULL, 'M', '', '', 'không biết tên, chỉ biết 1 vài thông tin có liên quan', 1, 1, 1, 1, 0),
(63, 'Huế Trần', 'Huế Trần', '', '$2a$10$BtkBtCL9rsYOQi9cGwbwbOanhaCHh9NV7KuvLRUdl3G35xylnOUVq', NULL, 'G', '', '', '', 1, 1, 1, 1, 0),
(64, 'Đỗ Ngọc', 'do ngoc', '', '$2a$10$eMvgIr6YpijKaq2WdFhpfObqpOF0K83nxtQyPUz5kPkJL5HucO3uS', NULL, 'G', '', '', '', 1, 1, 1, 1, 0),
(65, 'Phượng Tata', 'Phượng Tata', '', '$2a$10$BSuvhcH.S1gGUyshigQnXeRmO55ptWRewf1g6i0ccxb43OgI8qYZq', NULL, 'G', '', '', '', 1, 1, 1, 1, 0),
(66, 'Chi Lê ', 'Chi Lê ', '', '$2a$10$BZE/QKgcNB3aG/XDGoO5cu.O0nZEvsPV5C9SeuPDx3b1cz.Kt8Gi2', NULL, 'G', '', '', '', 1, 1, 1, 1, 0),
(67, 'Hương Mít', 'Hương Mít', '', '$2a$10$WpxKCfMQfv7qHJl/W0yXG.jNbc.mq6bTdumrm/mzqHm.UG7D01dxO', NULL, 'G', '', '', '', 1, 1, 1, 1, 0),
(68, 'Đặng Hà Phương', 'Đặng Hà Phương', '', '$2a$10$VkOQEbobqmK3683R.m/4Q.5MzMB.xg/cTEKuPs0pSnr.xLP5F0Fva', NULL, 'G', '0962518856', 'btv Viettel 1502, CT4C KĐT Xa La', 'https://www.facebook.com/diepvihb', 1, 1, 1, 1, 0),
(69, 'Nguyễn Minh Nguyệt', 'Nguyễn Minh Nguyệt', '', '$2a$10$6.Ndudi/ZbRbd8KZD0ku5.Pv4ipkDwvequwTsjAXde2Gvo6ttLptq', NULL, 'G', '0988899605', 'p.805 tầng 8 N09, 193 trung kính, cầu giấy', '', 1, 1, 1, 1, 0),
(70, 'Lê Thị Việt Phương (Phương Đốm)', 'Phương Đốm', '', '$2a$10$ybvTHBY0yLtdhKO3G2m9xOhK.4XAASynQVqqNOciKZ.Krz0v7dygK', NULL, 'G', '01232225759', 'Căn hộ 1532, tầng 15, chung cư HH4B Linh Đàm, Hoàng Mai, Hà Nội', 'https://www.facebook.com/phuong.dom.9', 1, 1, 1, 1, 0),
(71, 'Linh Anh', 'Linh Anh', '', '$2a$10$AVoIiQqYyell/eg8PiKunOLAi5wGBEf25xVXp5APUYsMc.ZalsJcu', NULL, 'G', '0981358195', 'số nhà 58, ngõ 118 Đào Tấn , Cống Vị, Ba Đình', 'https://www.facebook.com/LinggAnh', 1, 1, 1, 1, 0),
(72, 'Linh Anh', 'Linh Anh', '', '$2a$10$uX00Gu4uN3gOYykxyOP2h.chIF8oajfIwp/NpQWmP.6uDVQPbRinu', NULL, 'G', '0981358195', 'số nhà 58, ngõ 118 Đào Tấn , Cống Vị, Ba Đình', 'https://www.facebook.com/LinggAnh', 1, 1, 1, 1, 0),
(73, 'Hoàng Kim Đức', 'Hoàng Kim Đức', '', '$2a$10$7lrSf0vNjJr4ntmXbQ2vBuVRTwekM3BQy2/rJe3BfkI5wCby1PA6S', NULL, 'M', '0986161720', 'số 72C, ngõ 25B Cát Linh, Đống Đa, HN', 'https://www.facebook.com/percyjackson.ttx', 1, 1, 1, 1, 0),
(74, 'Hoàng Kim Đức', 'Hoàng Kim Đức', '', '$2a$10$YD5JBzUobrns5Oi375Djdu4GRjxFIexbmbCLeJhUgg.nG73bE5g5q', NULL, 'M', '0986161720', 'số 72C, ngõ 25B Cát Linh, Đống Đa, HN', 'https://www.facebook.com/percyjackson.ttx', 1, 1, 1, 1, 0),
(75, 'Lê Thanh', 'Lê Thanh', '', '$2a$10$Z/2lJH3.Fvu0s.VANyW8kebqneNwYFOMCJ.5mtDiOHy42G5alyQlq', NULL, 'G', '', '', '', 1, 1, 1, 1, 0),
(76, 'River Nguyễn', 'River Nguyễn', '', '$2a$10$TIWTW4lMjPVmJDGfpEHotecWi3lYoqBEtBNoXQQIIaH.iuCkzKGyK', NULL, 'M', '', '', 'bạn c Hà', 1, 1, 1, 1, 0),
(77, 'Trang Như Đinh', 'Trang Như Đinh', '', '$2a$10$7OAQbH6whSEbNJoXBxtpweTkKSsrLwaFa7mMlkOl162Lbpmlmo.5y', NULL, 'G', '', '', '', 1, 1, 1, 1, 0),
(78, 'Thu Xuân', 'Thu Xuân', '', '$2a$10$fNpv35N66vS0sio.SNjB3.vw4elZRly0EX9/s2Nb2F6iuIGMYBwqC', NULL, 'G', '0912607293', 'Hội snh vật cây cảnh Thăng Long, đối diện số 3,5 Huỳnh Thúc Kháng', '', 1, 1, 1, 1, 0),
(79, 'cô Kim Anh', 'cô Kim Anh', '', '$2a$10$.3uA9jnNaeHQO6JUKFC8zO1fkZXW8GM7C5kE1I6qP6cdIZOObmHUO', NULL, 'G', '0987925410', 'số nhà 154 , ngõ 559 Kim Ngưu', '', 1, 1, 1, 1, 0),
(80, 'fos ngoài', 'fos ngoài', '', '$2a$10$kaYw/tIGSsVCEqppqLiIt.Ucn0ZrmDrIJ0f3BLCFoPAPDGH7eDOUW', NULL, 'M', '', '', 'những fos tạm thời, k rõ ở đâu đấy :|', 1, 1, 1, 1, 0),
(81, 'Phạm Huyền Chinh', 'Phạm Huyền Chinh', '', '$2a$10$OUFUTAbTik1ynBPedkDHVOHFZkJQE0HD31HsDGWCtOWs5jDyKdjgS', NULL, 'G', '', '', '', 1, 1, 1, 1, 0),
(82, 'Trần Vân Hà', 'Trần Vân Hà', '', '$2a$10$nJxVFvzPPNn1/YaieSEuluAmz3U9UwpUhbT4gSSgBN55K/87mrH2q', NULL, 'G', '', '', '', 1, 1, 1, 1, 0),
(83, 'Nga Triệu', 'Nga Triệu', '', '$2a$10$2iD3MuMhRdWpobihYyHOquTksvwgMPELupV.cfYM2ipQ7/d36Ghv.', NULL, 'G', '', '', '', 1, 1, 1, 1, 0),
(84, 'Trang Đỗ', 'Trang Đỗ', '', '$2a$10$nPKF/Y0hGOtRe58er8WvpOL34PXn/Fr2wLhrQc2EG5FmSrT7wXjlq', NULL, 'G', '', '', '', 1, 1, 1, 1, 0),
(85, 'cô Thoa', 'cô Thoa', '', '$2a$10$fBLTgDLb7xxCT5kh/UtMheGmLvNDpIgb8xuzXe6cj9TGVIzR8uziu', NULL, 'G', '', 'Vĩnh Hưng', '', 1, 1, 1, 1, 0),
(86, 'Minh Phuong Nguyen', 'Minh Phuong Nguyen', '', '$2a$10$WCpmbq50IoWMursNIQ1a6.yEnB6YU7g6m7ReLi3JBIhnZqP/vtCSm', NULL, 'G', '0904363531', '69A Hoàng Văn Thái', '', 1, 1, 1, 1, 0),
(87, 'Mai Hương', 'Mai Hương', '', '$2a$10$f5ZXJBk7.hAR6BEbQu8MxOKMsvAGK8dhLZe5sd1Oe0xD0Chcd0aM2', NULL, 'G', '', '', '', 1, 1, 1, 1, 0);

-- --------------------------------------------------------

--
-- Table structure for table `user_role`
--

CREATE TABLE `user_role` (
  `user_role_id` int(11) NOT NULL,
  `user_info_id` int(11) DEFAULT NULL,
  `role_info_id` int(11) DEFAULT NULL
) ENGINE=InnoDB DEFAULT CHARSET=utf8 COLLATE=utf8_bin;

--
-- Dumping data for table `user_role`
--

INSERT INTO `user_role` (`user_role_id`, `user_info_id`, `role_info_id`) VALUES
(1, 1, 1),
(2, 1, 2),
(3, 2, 6),
(7, 3, 2),
(8, 4, 2),
(10, 6, 2),
(12, 8, 6),
(13, 10, 6),
(14, 11, 6),
(15, 12, 6),
(16, 13, 6),
(17, 14, 6),
(19, 16, 6),
(20, 18, 6),
(21, 19, 6),
(22, 20, 6),
(23, 21, 6),
(24, 22, 6),
(25, 23, 6),
(26, 24, 6),
(27, 25, 6),
(28, 26, 6),
(29, 27, 6),
(30, 28, 6),
(31, 29, 6),
(33, 31, 6),
(34, 32, 6),
(36, 34, 6),
(37, 35, 6),
(39, 37, 6),
(40, 38, 6),
(42, 40, 6),
(43, 41, 6),
(44, 42, 6),
(47, 45, 6),
(48, 46, 6),
(49, 39, 6),
(50, 47, 6),
(51, 48, 6),
(52, 49, 6),
(54, 51, 6),
(55, 52, 6),
(56, 53, 6),
(58, 55, 2),
(59, 56, 6),
(60, 57, 6),
(61, 58, 6),
(62, 60, 6),
(63, 62, 6),
(64, 63, 6),
(65, 64, 6),
(66, 65, 6),
(67, 66, 6),
(68, 67, 6),
(69, 68, 8),
(70, 69, 8),
(71, 70, 8),
(72, 72, 8),
(74, 75, 6),
(76, 76, 6),
(77, 7, 6),
(78, 15, 6),
(79, 5, 6),
(80, 50, 6),
(81, 44, 6),
(82, 54, 6),
(83, 36, 6),
(84, 43, 6),
(85, 30, 6),
(86, 77, 6),
(87, 78, 6),
(88, 79, 6),
(89, 74, 6),
(90, 74, 8),
(91, 80, 6),
(92, 81, 6),
(93, 82, 6),
(94, 83, 6),
(95, 84, 6),
(96, 85, 6),
(97, 86, 6),
(98, 87, 6);

-- --------------------------------------------------------

--
-- Table structure for table `withdraw`
--

CREATE TABLE `withdraw` (
  `id` int(11) NOT NULL,
  `amount` double NOT NULL,
  `input_date` datetime DEFAULT NULL,
  `reason_id` int(11) DEFAULT NULL,
  `note` text COLLATE utf8_bin,
  `method` varchar(20) COLLATE utf8_bin DEFAULT NULL COMMENT '1: Tien mat\n2: chuyen khoan'
) ENGINE=InnoDB DEFAULT CHARSET=utf8 COLLATE=utf8_bin;

--
-- Indexes for dumped tables
--

--
-- Indexes for table `animal`
--
ALTER TABLE `animal`
  ADD PRIMARY KEY (`id`),
  ADD KEY `fk_status_idx` (`status`),
  ADD KEY `fk_created_by_idx` (`created_by`);

--
-- Indexes for table `animal_condition`
--
ALTER TABLE `animal_condition`
  ADD PRIMARY KEY (`id`),
  ADD KEY `fk_animal_idx` (`animal_id`),
  ADD KEY `fk_condition_idx` (`condition_id`);

--
-- Indexes for table `animal_foster`
--
ALTER TABLE `animal_foster`
  ADD PRIMARY KEY (`id`),
  ADD KEY `fk_animal_4_idx` (`animal_id`),
  ADD KEY `fk_foster_2_idx` (`foster_id`);

--
-- Indexes for table `animal_hospital`
--
ALTER TABLE `animal_hospital`
  ADD PRIMARY KEY (`id`),
  ADD KEY `fk_animal_5_idx` (`animal_id`),
  ADD KEY `fk_hospital_2_idx` (`hospital_id`);

--
-- Indexes for table `animal_hoster`
--
ALTER TABLE `animal_hoster`
  ADD PRIMARY KEY (`id`),
  ADD KEY `fk_animal_8_idx` (`animal_id`),
  ADD KEY `fk_hoster_idx` (`hoster_id`);

--
-- Indexes for table `animal_image`
--
ALTER TABLE `animal_image`
  ADD PRIMARY KEY (`id`),
  ADD KEY `fk_animal_image_idx` (`animal_id`),
  ADD KEY `fk_createdby_2_idx` (`created_by`),
  ADD KEY `fk_transporter_1_idx` (`transporter_id`),
  ADD KEY `fk_host_1_idx` (`host_id`),
  ADD KEY `fk_foster_1_idx` (`foster_id`),
  ADD KEY `fk_hospital_1_idx` (`hospital_id`);

--
-- Indexes for table `animal_status_history`
--
ALTER TABLE `animal_status_history`
  ADD PRIMARY KEY (`id`),
  ADD KEY `fk_created_by_idx` (`created_by`),
  ADD KEY `fk_status_2_idx` (`status_id`),
  ADD KEY `fk_animal_idx` (`animal_id`),
  ADD KEY `fk_animal_4` (`animal_id`);

--
-- Indexes for table `animal_transporter`
--
ALTER TABLE `animal_transporter`
  ADD PRIMARY KEY (`id`),
  ADD KEY `fk_animal_7_idx` (`animal_id`),
  ADD KEY `fk_transporter_idx` (`transporter_id`);

--
-- Indexes for table `charity`
--
ALTER TABLE `charity`
  ADD PRIMARY KEY (`id`);

--
-- Indexes for table `conditions`
--
ALTER TABLE `conditions`
  ADD PRIMARY KEY (`id`);

--
-- Indexes for table `deposit`
--
ALTER TABLE `deposit`
  ADD PRIMARY KEY (`id`),
  ADD KEY `fk_idx` (`reason_id`);

--
-- Indexes for table `hospital`
--
ALTER TABLE `hospital`
  ADD PRIMARY KEY (`id`);

--
-- Indexes for table `notification`
--
ALTER TABLE `notification`
  ADD PRIMARY KEY (`id`),
  ADD KEY `fk_role_5_idx` (`to_role_group`),
  ADD KEY `fk_created_by_10_idx` (`created_by`,`subject`(255)),
  ADD KEY `fk_animal_13_idx` (`animal_id`);

--
-- Indexes for table `reason`
--
ALTER TABLE `reason`
  ADD PRIMARY KEY (`id`);

--
-- Indexes for table `role_info`
--
ALTER TABLE `role_info`
  ADD PRIMARY KEY (`role_info_id`),
  ADD UNIQUE KEY `role_info_id_UNIQUE` (`role_info_id`);

--
-- Indexes for table `statuses`
--
ALTER TABLE `statuses`
  ADD PRIMARY KEY (`id`);

--
-- Indexes for table `user_info`
--
ALTER TABLE `user_info`
  ADD PRIMARY KEY (`user_info_id`),
  ADD UNIQUE KEY `user_info_id_UNIQUE` (`user_info_id`);

--
-- Indexes for table `user_role`
--
ALTER TABLE `user_role`
  ADD PRIMARY KEY (`user_role_id`),
  ADD KEY `userInfofk_idx` (`user_info_id`),
  ADD KEY `roleinfofk_idx` (`role_info_id`);

--
-- Indexes for table `withdraw`
--
ALTER TABLE `withdraw`
  ADD PRIMARY KEY (`id`),
  ADD KEY `fk_reason2_idx` (`reason_id`);

--
-- AUTO_INCREMENT for dumped tables
--

--
-- AUTO_INCREMENT for table `animal`
--
ALTER TABLE `animal`
  MODIFY `id` int(11) NOT NULL AUTO_INCREMENT, AUTO_INCREMENT=2601;
--
-- AUTO_INCREMENT for table `animal_condition`
--
ALTER TABLE `animal_condition`
  MODIFY `id` int(11) NOT NULL AUTO_INCREMENT, AUTO_INCREMENT=54;
--
-- AUTO_INCREMENT for table `animal_foster`
--
ALTER TABLE `animal_foster`
  MODIFY `id` int(11) NOT NULL AUTO_INCREMENT, AUTO_INCREMENT=282;
--
-- AUTO_INCREMENT for table `animal_hospital`
--
ALTER TABLE `animal_hospital`
  MODIFY `id` int(11) NOT NULL AUTO_INCREMENT, AUTO_INCREMENT=464;
--
-- AUTO_INCREMENT for table `animal_hoster`
--
ALTER TABLE `animal_hoster`
  MODIFY `id` int(11) NOT NULL AUTO_INCREMENT, AUTO_INCREMENT=5;
--
-- AUTO_INCREMENT for table `animal_image`
--
ALTER TABLE `animal_image`
  MODIFY `id` int(11) NOT NULL AUTO_INCREMENT, AUTO_INCREMENT=465;
--
-- AUTO_INCREMENT for table `animal_status_history`
--
ALTER TABLE `animal_status_history`
  MODIFY `id` int(11) NOT NULL AUTO_INCREMENT, AUTO_INCREMENT=640;
--
-- AUTO_INCREMENT for table `animal_transporter`
--
ALTER TABLE `animal_transporter`
  MODIFY `id` int(11) NOT NULL AUTO_INCREMENT;
--
-- AUTO_INCREMENT for table `charity`
--
ALTER TABLE `charity`
  MODIFY `id` int(11) NOT NULL AUTO_INCREMENT;
--
-- AUTO_INCREMENT for table `conditions`
--
ALTER TABLE `conditions`
  MODIFY `id` int(11) NOT NULL AUTO_INCREMENT, AUTO_INCREMENT=6;
--
-- AUTO_INCREMENT for table `deposit`
--
ALTER TABLE `deposit`
  MODIFY `id` int(11) NOT NULL AUTO_INCREMENT;
--
-- AUTO_INCREMENT for table `hospital`
--
ALTER TABLE `hospital`
  MODIFY `id` int(11) NOT NULL AUTO_INCREMENT, AUTO_INCREMENT=16;
--
-- AUTO_INCREMENT for table `notification`
--
ALTER TABLE `notification`
  MODIFY `id` int(11) NOT NULL AUTO_INCREMENT;
--
-- AUTO_INCREMENT for table `reason`
--
ALTER TABLE `reason`
  MODIFY `id` int(11) NOT NULL AUTO_INCREMENT, AUTO_INCREMENT=10;
--
-- AUTO_INCREMENT for table `statuses`
--
ALTER TABLE `statuses`
  MODIFY `id` int(11) NOT NULL AUTO_INCREMENT, AUTO_INCREMENT=5;
--
-- AUTO_INCREMENT for table `user_info`
--
ALTER TABLE `user_info`
  MODIFY `user_info_id` int(11) NOT NULL AUTO_INCREMENT, AUTO_INCREMENT=88;
--
-- AUTO_INCREMENT for table `user_role`
--
ALTER TABLE `user_role`
  MODIFY `user_role_id` int(11) NOT NULL AUTO_INCREMENT, AUTO_INCREMENT=99;
--
-- AUTO_INCREMENT for table `withdraw`
--
ALTER TABLE `withdraw`
  MODIFY `id` int(11) NOT NULL AUTO_INCREMENT;
--
-- Constraints for dumped tables
--

--
-- Constraints for table `animal`
--
ALTER TABLE `animal`
  ADD CONSTRAINT `fk_created_by` FOREIGN KEY (`created_by`) REFERENCES `user_info` (`user_info_id`) ON DELETE NO ACTION ON UPDATE NO ACTION,
  ADD CONSTRAINT `fk_status` FOREIGN KEY (`status`) REFERENCES `statuses` (`id`) ON DELETE NO ACTION ON UPDATE NO ACTION;

--
-- Constraints for table `animal_condition`
--
ALTER TABLE `animal_condition`
  ADD CONSTRAINT `fk_animal` FOREIGN KEY (`animal_id`) REFERENCES `animal` (`id`) ON DELETE NO ACTION ON UPDATE NO ACTION,
  ADD CONSTRAINT `fk_condition` FOREIGN KEY (`condition_id`) REFERENCES `conditions` (`id`) ON DELETE NO ACTION ON UPDATE NO ACTION;

--
-- Constraints for table `animal_foster`
--
ALTER TABLE `animal_foster`
  ADD CONSTRAINT `fk_animal_4` FOREIGN KEY (`animal_id`) REFERENCES `animal` (`id`) ON DELETE NO ACTION ON UPDATE NO ACTION,
  ADD CONSTRAINT `fk_foster_2` FOREIGN KEY (`foster_id`) REFERENCES `user_info` (`user_info_id`) ON DELETE NO ACTION ON UPDATE NO ACTION;

--
-- Constraints for table `animal_hospital`
--
ALTER TABLE `animal_hospital`
  ADD CONSTRAINT `fk_animal_5` FOREIGN KEY (`animal_id`) REFERENCES `animal` (`id`) ON DELETE NO ACTION ON UPDATE NO ACTION,
  ADD CONSTRAINT `fk_hospital_2` FOREIGN KEY (`hospital_id`) REFERENCES `hospital` (`id`) ON DELETE NO ACTION ON UPDATE NO ACTION;

--
-- Constraints for table `animal_hoster`
--
ALTER TABLE `animal_hoster`
  ADD CONSTRAINT `fk_animal_8` FOREIGN KEY (`animal_id`) REFERENCES `animal` (`id`) ON DELETE NO ACTION ON UPDATE NO ACTION,
  ADD CONSTRAINT `fk_hoster` FOREIGN KEY (`hoster_id`) REFERENCES `user_info` (`user_info_id`) ON DELETE NO ACTION ON UPDATE NO ACTION;

--
-- Constraints for table `animal_image`
--
ALTER TABLE `animal_image`
  ADD CONSTRAINT `fk_animal_image` FOREIGN KEY (`animal_id`) REFERENCES `animal` (`id`) ON DELETE NO ACTION ON UPDATE NO ACTION,
  ADD CONSTRAINT `fk_createdby_2` FOREIGN KEY (`created_by`) REFERENCES `user_info` (`user_info_id`) ON DELETE NO ACTION ON UPDATE NO ACTION,
  ADD CONSTRAINT `fk_foster_3` FOREIGN KEY (`foster_id`) REFERENCES `animal_foster` (`id`) ON DELETE NO ACTION ON UPDATE NO ACTION,
  ADD CONSTRAINT `fk_hospital_3` FOREIGN KEY (`hospital_id`) REFERENCES `animal_hospital` (`id`) ON DELETE NO ACTION ON UPDATE NO ACTION,
  ADD CONSTRAINT `fk_hoster_4` FOREIGN KEY (`host_id`) REFERENCES `animal_hoster` (`id`) ON DELETE NO ACTION ON UPDATE NO ACTION,
  ADD CONSTRAINT `fk_transporter_3` FOREIGN KEY (`transporter_id`) REFERENCES `animal_transporter` (`id`) ON DELETE NO ACTION ON UPDATE NO ACTION;

--
-- Constraints for table `animal_status_history`
--
ALTER TABLE `animal_status_history`
  ADD CONSTRAINT `fk_animal_2` FOREIGN KEY (`animal_id`) REFERENCES `animal` (`id`) ON DELETE NO ACTION ON UPDATE NO ACTION,
  ADD CONSTRAINT `fk_created_by_2` FOREIGN KEY (`created_by`) REFERENCES `user_info` (`user_info_id`) ON DELETE NO ACTION ON UPDATE NO ACTION,
  ADD CONSTRAINT `fk_status_2` FOREIGN KEY (`status_id`) REFERENCES `statuses` (`id`) ON DELETE NO ACTION ON UPDATE NO ACTION;

--
-- Constraints for table `animal_transporter`
--
ALTER TABLE `animal_transporter`
  ADD CONSTRAINT `fk_animal_7` FOREIGN KEY (`animal_id`) REFERENCES `animal` (`id`) ON DELETE NO ACTION ON UPDATE NO ACTION,
  ADD CONSTRAINT `fk_transporter` FOREIGN KEY (`transporter_id`) REFERENCES `user_info` (`user_info_id`) ON DELETE NO ACTION ON UPDATE NO ACTION;

--
-- Constraints for table `deposit`
--
ALTER TABLE `deposit`
  ADD CONSTRAINT `fk_reason1` FOREIGN KEY (`reason_id`) REFERENCES `reason` (`id`) ON DELETE NO ACTION ON UPDATE NO ACTION;

--
-- Constraints for table `notification`
--
ALTER TABLE `notification`
  ADD CONSTRAINT `fk_animal_13` FOREIGN KEY (`animal_id`) REFERENCES `animal` (`id`) ON DELETE NO ACTION ON UPDATE NO ACTION,
  ADD CONSTRAINT `fk_created_by_13` FOREIGN KEY (`created_by`) REFERENCES `user_info` (`user_info_id`) ON DELETE NO ACTION ON UPDATE NO ACTION,
  ADD CONSTRAINT `fk_role_5` FOREIGN KEY (`to_role_group`) REFERENCES `role_info` (`role_info_id`) ON DELETE NO ACTION ON UPDATE NO ACTION;

--
-- Constraints for table `user_role`
--
ALTER TABLE `user_role`
  ADD CONSTRAINT `roleinfofk` FOREIGN KEY (`role_info_id`) REFERENCES `role_info` (`role_info_id`) ON DELETE NO ACTION ON UPDATE NO ACTION,
  ADD CONSTRAINT `userInfofk` FOREIGN KEY (`user_info_id`) REFERENCES `user_info` (`user_info_id`) ON DELETE NO ACTION ON UPDATE NO ACTION;

--
-- Constraints for table `withdraw`
--
ALTER TABLE `withdraw`
  ADD CONSTRAINT `fk_reason2` FOREIGN KEY (`reason_id`) REFERENCES `reason` (`id`) ON DELETE NO ACTION ON UPDATE NO ACTION;
COMMIT;

/*!40101 SET CHARACTER_SET_CLIENT=@OLD_CHARACTER_SET_CLIENT */;
/*!40101 SET CHARACTER_SET_RESULTS=@OLD_CHARACTER_SET_RESULTS */;
/*!40101 SET COLLATION_CONNECTION=@OLD_COLLATION_CONNECTION */;
